-- 테스트 계정 추가
-- TODO : 테스트용이지만 비밀번호가 노출된 데이터가 세팅됨, 개선 필요
insert into user_account (user_id, user_password, nickname, email, memo, created_at, created_by, modified_at, modified_by)
values ('fkaa', '{noop}asdf1234', 'fkaa', 'wlgus120332@gmail.com', 'I am fkaa', now(), 'fkaa', now(), 'fkaa'),
       ('fkaa2', '{noop}asdf12342', 'fkaa2', 'wlgus12033222@gmail.com', 'I am fkaa2', now(), 'fkaa2', now(), 'fkaa2');

-- 123개의 게시글 insert
insert into article (user_id, title, content, hashtag, created_by, modified_by, created_at, modified_at)
values ('fkaa2', 'Suspendisse accumsan tortor quis turpis.', 'In sagittis dui vel nisl. Duis ac nibh. Fusce lacus purus, aliquet at, feugiat non, pretium quis, lectus.', '#Blue', 'Julie', 'Towney', '2023-01-15', '2022-09-25')
       , ('fkaa2', 'Nulla suscipit ligula in lacus.', 'Maecenas ut massa quis augue luctus tincidunt. Nulla mollis molestie lorem. Quisque ut erat.', null, 'Gilemette', 'Amalie', '2022-07-20', '2022-10-04')
       , ('fkaa2', 'Ut tellus.', 'Curabitur at ipsum ac tellus semper interdum. Mauris ullamcorper purus sit amet nulla. Quisque arcu libero, rutrum ac, lobortis vel, dapibus at, diam.', '#Fuscia', 'Mord', 'Dorian', '2022-11-09', '2022-10-22')
       , ('fkaa2', 'Praesent blandit lacinia erat.', 'Aliquam quis turpis eget elit sodales scelerisque. Mauris sit amet eros. Suspendisse accumsan tortor quis turpis.', '#Mauv', 'Federica', 'Savina', '2022-12-12', '2022-09-30')
       , ('fkaa2', 'Duis ac nibh.', 'Mauris enim leo, rhoncus sed, vestibulum sit amet, cursus id, turpis. Integer aliquet, massa id lobortis convallis, tortor risus dapibus augue, vel accumsan tellus nisi eu orci. Mauris lacinia sapien quis libero.', '#Orange', 'Wesley', 'Danny', '2022-08-06', '2022-08-30')
       , ('fkaa2', 'Maecenas ut massa quis augue luctus tincidunt.', 'Duis aliquam convallis nunc. Proin at turpis a pede posuere nonummy. Integer non velit.', '#Purple', 'Trueman', 'Daphene', '2022-09-07', '2022-07-22')
       , ('fkaa2', 'Integer ac neque.', 'Suspendisse potenti. In eleifend quam a odio. In hac habitasse platea dictumst.', null, 'Tina', 'Stewart', '2022-10-05', '2022-08-24')
       , ('fkaa2', 'Donec quis orci eget orci vehicula condimentum.', 'Praesent id massa id nisl venenatis lacinia. Aenean sit amet justo. Morbi ut odio.', null, 'Tessi', 'Estell', '2022-04-03', '2023-01-31')
       , ('fkaa2', 'Vivamus vestibulum sagittis sapien.', 'Curabitur at ipsum ac tellus semper interdum. Mauris ullamcorper purus sit amet nulla. Quisque arcu libero, rutrum ac, lobortis vel, dapibus at, diam.', '#Yellow', 'Chauncey', 'Aubry', '2022-07-07', '2022-05-14')
       , ('fkaa2', 'Quisque arcu libero, rutrum ac, lobortis vel, dapibus at, diam.', 'Phasellus sit amet erat. Nulla tempus. Vivamus in felis eu sapien cursus vestibulum.', '#Khaki', 'Lucius', 'Alisander', '2022-07-23', '2022-05-07')
       , ('fkaa2', 'Ut tellus.', 'Cum sociis natoque penatibus et magnis dis parturient montes, nascetur ridiculus mus. Vivamus vestibulum sagittis sapien. Cum sociis natoque penatibus et magnis dis parturient montes, nascetur ridiculus mus.', '#Blue', 'Pamelina', 'Deedee', '2022-11-03', '2022-12-28')
       , ('fkaa2', 'Nullam orci pede, venenatis non, sodales sed, tincidunt eu, felis.', 'Duis consequat dui nec nisi volutpat eleifend. Donec ut dolor. Morbi vel lectus in quam fringilla rhoncus.', '#Maroon', 'Gearard', 'Dalenna', '2022-07-25', '2022-12-28')
       , ('fkaa2', 'Integer ac leo.', 'Morbi non lectus. Aliquam sit amet diam in magna bibendum imperdiet. Nullam orci pede, venenatis non, sodales sed, tincidunt eu, felis.', '#Indigo', 'Osborne', 'Chelsea', '2022-12-25', '2022-02-24')
       , ('fkaa2', 'Nulla ac enim.', 'In sagittis dui vel nisl. Duis ac nibh. Fusce lacus purus, aliquet at, feugiat non, pretium quis, lectus.', null, 'Beverlee', 'Godfrey', '2022-08-23', '2022-07-15')
       , ('fkaa2', 'Praesent blandit.', 'Proin interdum mauris non ligula pellentesque ultrices. Phasellus id sapien in sapien iaculis congue. Vivamus metus arcu, adipiscing molestie, hendrerit at, vulputate vitae, nisl.', '#Pink', 'Andris', 'Ofella', '2022-07-11', '2022-07-31')
       , ('fkaa', 'Maecenas ut massa quis augue luctus tincidunt.', 'Pellentesque at nulla. Suspendisse potenti. Cras in purus eu magna vulputate luctus.', null, 'Meaghan', 'Reube', '2022-04-16', '2022-09-11')
       , ('fkaa', 'Nam tristique tortor eu pede.', 'Fusce posuere felis sed lacus. Morbi sem mauris, laoreet ut, rhoncus aliquet, pulvinar sed, nisl. Nunc rhoncus dui vel sem.', '#Pink', 'Shandy', 'Elvira', '2022-12-31', '2022-08-17')
       , ('fkaa', 'Fusce congue, diam id ornare imperdiet, sapien urna pretium nisl, ut volutpat sapien arcu sed augue.', 'Integer ac leo. Pellentesque ultrices mattis odio. Donec vitae nisi.', '#Goldenrod', 'Casey', 'Tresa', '2022-03-31', '2022-07-23')
       , ('fkaa', 'Nullam porttitor lacus at turpis.', 'Duis bibendum. Morbi non quam nec dui luctus rutrum. Nulla tellus.', '#Turquoise', 'Hunter', 'Jamison', '2022-12-21', '2022-09-19')
       , ('fkaa', 'Pellentesque at nulla.', 'Morbi non lectus. Aliquam sit amet diam in magna bibendum imperdiet. Nullam orci pede, venenatis non, sodales sed, tincidunt eu, felis.', '#Violet', 'Datha', 'Bing', '2022-10-21', '2023-01-08')
       , ('fkaa', 'Morbi non quam nec dui luctus rutrum.', 'Donec diam neque, vestibulum eget, vulputate ut, ultrices vel, augue. Vestibulum ante ipsum primis in faucibus orci luctus et ultrices posuere cubilia Curae; Donec pharetra, magna vestibulum aliquet ultrices, erat tortor sollicitudin mi, sit amet lobortis sapien sapien non mi. Integer ac neque.', null, 'Jess', 'Antone', '2022-05-02', '2022-03-24')
       , ('fkaa', 'Fusce lacus purus, aliquet at, feugiat non, pretium quis, lectus.', 'Proin interdum mauris non ligula pellentesque ultrices. Phasellus id sapien in sapien iaculis congue. Vivamus metus arcu, adipiscing molestie, hendrerit at, vulputate vitae, nisl.', '#Teal', 'Sheilah', 'Blanca', '2022-10-17', '2022-04-26')
       , ('fkaa', 'Donec odio justo, sollicitudin ut, suscipit a, feugiat et, eros.', 'Cras non velit nec nisi vulputate nonummy. Maecenas tincidunt lacus at velit. Vivamus vel nulla eget eros elementum pellentesque.', '#Aquamarine', 'Mal', 'Una', '2022-06-26', '2022-05-22')
       , ('fkaa', 'Vivamus vel nulla eget eros elementum pellentesque.', 'In sagittis dui vel nisl. Duis ac nibh. Fusce lacus purus, aliquet at, feugiat non, pretium quis, lectus.', '#Orange', 'Dedie', 'Dunc', '2022-11-23', '2022-07-28')
       , ('fkaa', 'Vestibulum ante ipsum primis in faucibus orci luctus et ultrices posuere cubilia Curae; Donec pharetra, magna vestibulum aliquet ultrices, erat tortor sollicitudin mi, sit amet lobortis sapien sapien non mi.', 'Morbi non lectus. Aliquam sit amet diam in magna bibendum imperdiet. Nullam orci pede, venenatis non, sodales sed, tincidunt eu, felis.', '#Turquoise', 'Salomone', 'Carri', '2022-12-12', '2022-06-02')
       , ('fkaa', 'Cras in purus eu magna vulputate luctus.', 'Morbi porttitor lorem id ligula. Suspendisse ornare consequat lectus. In est risus, auctor sed, tristique in, tempus sit amet, sem.', null, 'Durand', 'Minna', '2022-06-11', '2022-12-15')
       , ('fkaa', 'Vestibulum ante ipsum primis in faucibus orci luctus et ultrices posuere cubilia Curae; Nulla dapibus dolor vel est.', 'Lorem ipsum dolor sit amet, consectetuer adipiscing elit. Proin risus. Praesent lectus.', '#Indigo', 'Seline', 'Waiter', '2022-09-28', '2022-05-16')
       , ('fkaa', 'Quisque porta volutpat erat.', 'Fusce consequat. Nulla nisl. Nunc nisl.', '#Yellow', 'Balduin', 'Madalyn', '2022-12-01', '2022-04-28')
       , ('fkaa', 'Integer ac leo.', 'Proin interdum mauris non ligula pellentesque ultrices. Phasellus id sapien in sapien iaculis congue. Vivamus metus arcu, adipiscing molestie, hendrerit at, vulputate vitae, nisl.', '#Red', 'Giles', 'Blanche', '2023-01-04', '2023-01-22')
       , ('fkaa', 'Etiam faucibus cursus urna.', 'Vestibulum ac est lacinia nisi venenatis tristique. Fusce congue, diam id ornare imperdiet, sapien urna pretium nisl, ut volutpat sapien arcu sed augue. Aliquam erat volutpat.', '#Goldenrod', 'Fletcher', 'Nap', '2022-07-15', '2022-05-13')
       , ('fkaa', 'In hac habitasse platea dictumst.', 'Morbi porttitor lorem id ligula. Suspendisse ornare consequat lectus. In est risus, auctor sed, tristique in, tempus sit amet, sem.', null, 'Mariam', 'Carly', '2022-06-18', '2023-02-05')
       , ('fkaa', 'Nunc nisl.', 'Integer ac leo. Pellentesque ultrices mattis odio. Donec vitae nisi.', '#Green', 'Lucinda', 'Vitia', '2022-06-09', '2022-11-22')
       , ('fkaa', 'Suspendisse potenti.', 'Aenean lectus. Pellentesque eget nunc. Donec quis orci eget orci vehicula condimentum.', '#Blue', 'Becki', 'Fawn', '2022-05-02', '2022-05-31')
       , ('fkaa', 'Cum sociis natoque penatibus et magnis dis parturient montes, nascetur ridiculus mus.', 'Vestibulum ac est lacinia nisi venenatis tristique. Fusce congue, diam id ornare imperdiet, sapien urna pretium nisl, ut volutpat sapien arcu sed augue. Aliquam erat volutpat.', '#Teal', 'Rosanna', 'Nonie', '2022-05-05', '2022-03-20')
       , ('fkaa', 'In hac habitasse platea dictumst.', 'Duis bibendum, felis sed interdum venenatis, turpis enim blandit mi, in porttitor pede justo eu massa. Donec dapibus. Duis at velit eu est congue elementum.', '#Crimson', 'Kelila', 'Jania', '2022-10-20', '2022-08-31')
       , ('fkaa', 'Suspendisse potenti.', 'Donec diam neque, vestibulum eget, vulputate ut, ultrices vel, augue. Vestibulum ante ipsum primis in faucibus orci luctus et ultrices posuere cubilia Curae; Donec pharetra, magna vestibulum aliquet ultrices, erat tortor sollicitudin mi, sit amet lobortis sapien sapien non mi. Integer ac neque.', '#Yellow', 'Colan', 'Sam', '2022-04-30', '2022-10-23')
       , ('fkaa', 'Nunc nisl.', 'Nullam porttitor lacus at turpis. Donec posuere metus vitae ipsum. Aliquam non mauris.', null, 'Raf', 'Kristina', '2023-02-04', '2022-03-14')
       , ('fkaa', 'Quisque id justo sit amet sapien dignissim vestibulum.', 'In sagittis dui vel nisl. Duis ac nibh. Fusce lacus purus, aliquet at, feugiat non, pretium quis, lectus.', '#Fuscia', 'Lani', 'Guillemette', '2023-02-07', '2022-09-23')
       , ('fkaa', 'Praesent lectus.', 'Duis bibendum, felis sed interdum venenatis, turpis enim blandit mi, in porttitor pede justo eu massa. Donec dapibus. Duis at velit eu est congue elementum.', '#Mauv', 'Verla', 'Dottie', '2022-11-27', '2022-04-22')
       , ('fkaa', 'Donec posuere metus vitae ipsum.', 'Etiam vel augue. Vestibulum rutrum rutrum neque. Aenean auctor gravida sem.', '#Purple', 'Tricia', 'Delores', '2022-05-24', '2023-01-17')
       , ('fkaa', 'Mauris sit amet eros.', 'Fusce posuere felis sed lacus. Morbi sem mauris, laoreet ut, rhoncus aliquet, pulvinar sed, nisl. Nunc rhoncus dui vel sem.', '#Red', 'Dominica', 'Brynne', '2023-01-08', '2022-08-11')
       , ('fkaa', 'Donec ut mauris eget massa tempor convallis.', 'Curabitur at ipsum ac tellus semper interdum. Mauris ullamcorper purus sit amet nulla. Quisque arcu libero, rutrum ac, lobortis vel, dapibus at, diam.', '#Violet', 'Scot', 'Phylys', '2022-12-01', '2022-05-13')
       , ('fkaa', 'Praesent blandit lacinia erat.', 'Donec diam neque, vestibulum eget, vulputate ut, ultrices vel, augue. Vestibulum ante ipsum primis in faucibus orci luctus et ultrices posuere cubilia Curae; Donec pharetra, magna vestibulum aliquet ultrices, erat tortor sollicitudin mi, sit amet lobortis sapien sapien non mi. Integer ac neque.', '#Goldenrod', 'Carey', 'Terrie', '2022-08-18', '2022-04-25')
       , ('fkaa', 'Maecenas rhoncus aliquam lacus.', 'Maecenas tristique, est et tempus semper, est quam pharetra magna, ac consequat metus sapien ut nunc. Vestibulum ante ipsum primis in faucibus orci luctus et ultrices posuere cubilia Curae; Mauris viverra diam vitae quam. Suspendisse potenti.', '#Indigo', 'Bertie', 'Sybyl', '2022-11-28', '2022-06-27')
       , ('fkaa', 'Morbi sem mauris, laoreet ut, rhoncus aliquet, pulvinar sed, nisl.', 'Fusce posuere felis sed lacus. Morbi sem mauris, laoreet ut, rhoncus aliquet, pulvinar sed, nisl. Nunc rhoncus dui vel sem.', '#Purple', 'Phaedra', 'Georgeta', '2022-11-10', '2022-05-19')
       , ('fkaa', 'Integer tincidunt ante vel ipsum.', 'Morbi non lectus. Aliquam sit amet diam in magna bibendum imperdiet. Nullam orci pede, venenatis non, sodales sed, tincidunt eu, felis.', '#Aquamarine', 'Chrysa', 'Gertrudis', '2022-11-21', '2022-06-01')
       , ('fkaa', 'Ut at dolor quis odio consequat varius.', 'Nulla ut erat id mauris vulputate elementum. Nullam varius. Nulla facilisi.', null, 'Geno', 'Maxie', '2022-12-03', '2022-06-14')
       , ('fkaa', 'Sed sagittis.', 'Vestibulum ac est lacinia nisi venenatis tristique. Fusce congue, diam id ornare imperdiet, sapien urna pretium nisl, ut volutpat sapien arcu sed augue. Aliquam erat volutpat.', '#Crimson', 'Vanny', 'Herculie', '2022-08-16', '2023-01-30')
       , ('fkaa', 'Morbi sem mauris, laoreet ut, rhoncus aliquet, pulvinar sed, nisl.', 'Lorem ipsum dolor sit amet, consectetuer adipiscing elit. Proin risus. Praesent lectus.', '#Red', 'Cordell', 'Drucy', '2022-11-23', '2022-04-24')
       , ('fkaa', 'Fusce consequat.', 'Curabitur in libero ut massa volutpat convallis. Morbi odio odio, elementum eu, interdum eu, tincidunt in, leo. Maecenas pulvinar lobortis est.', '#Crimson', 'Scarface', 'Lorenza', '2023-01-26', '2022-04-30')
       , ('fkaa', 'Donec vitae nisi.', 'Duis aliquam convallis nunc. Proin at turpis a pede posuere nonummy. Integer non velit.', '#Fuscia', 'Mel', 'Bancroft', '2022-03-25', '2022-04-08')
       , ('fkaa', 'Pellentesque at nulla.', 'Duis consequat dui nec nisi volutpat eleifend. Donec ut dolor. Morbi vel lectus in quam fringilla rhoncus.', null, 'Mitchel', 'Monti', '2023-02-19', '2022-08-20')
       , ('fkaa', 'Nullam molestie nibh in lectus.', 'Donec diam neque, vestibulum eget, vulputate ut, ultrices vel, augue. Vestibulum ante ipsum primis in faucibus orci luctus et ultrices posuere cubilia Curae; Donec pharetra, magna vestibulum aliquet ultrices, erat tortor sollicitudin mi, sit amet lobortis sapien sapien non mi. Integer ac neque.', null, 'Albertina', 'Rudolfo', '2022-11-20', '2022-04-19')
       , ('fkaa', 'Phasellus id sapien in sapien iaculis congue.', 'Vestibulum ac est lacinia nisi venenatis tristique. Fusce congue, diam id ornare imperdiet, sapien urna pretium nisl, ut volutpat sapien arcu sed augue. Aliquam erat volutpat.', '#Fuscia', 'Serena', 'Osbourne', '2022-09-12', '2022-09-06')
       , ('fkaa', 'Pellentesque viverra pede ac diam.', 'Phasellus sit amet erat. Nulla tempus. Vivamus in felis eu sapien cursus vestibulum.', '#Teal', 'Leeanne', 'Vin', '2023-02-15', '2022-12-04')
       , ('fkaa', 'In congue.', 'Cras mi pede, malesuada in, imperdiet et, commodo vulputate, justo. In blandit ultrices enim. Lorem ipsum dolor sit amet, consectetuer adipiscing elit.', '#Puce', 'Cookie', 'Cori', '2023-02-12', '2022-09-23')
       , ('fkaa', 'Cras mi pede, malesuada in, imperdiet et, commodo vulputate, justo.', 'Pellentesque at nulla. Suspendisse potenti. Cras in purus eu magna vulputate luctus.', '#Goldenrod', 'Alvis', 'Audra', '2022-04-07', '2022-06-29')
       , ('fkaa', 'Aenean lectus.', 'In hac habitasse platea dictumst. Etiam faucibus cursus urna. Ut tellus.', '#Orange', 'Beniamino', 'Adriaens', '2022-12-08', '2022-08-26')
       , ('fkaa', 'Maecenas pulvinar lobortis est.', 'Pellentesque at nulla. Suspendisse potenti. Cras in purus eu magna vulputate luctus.', null, 'Hyacinthia', 'Sarette', '2022-11-17', '2022-02-25')
       , ('fkaa', 'Duis ac nibh.', 'Maecenas leo odio, condimentum id, luctus nec, molestie sed, justo. Pellentesque viverra pede ac diam. Cras pellentesque volutpat dui.', '#Crimson', 'Kendra', 'Ernesta', '2022-02-27', '2023-02-18')
       , ('fkaa', 'Pellentesque viverra pede ac diam.', 'In congue. Etiam justo. Etiam pretium iaculis justo.', '#Indigo', 'Normie', 'Kassandra', '2023-01-22', '2022-07-14')
       , ('fkaa', 'Proin interdum mauris non ligula pellentesque ultrices.', 'Cras mi pede, malesuada in, imperdiet et, commodo vulputate, justo. In blandit ultrices enim. Lorem ipsum dolor sit amet, consectetuer adipiscing elit.', '#Crimson', 'Elizabet', 'Shaun', '2022-08-30', '2023-01-31')
       , ('fkaa', 'Donec ut mauris eget massa tempor convallis.', 'Phasellus in felis. Donec semper sapien a libero. Nam dui.', '#Pink', 'Ardelis', 'Fransisco', '2022-04-14', '2022-03-22')
       , ('fkaa', 'Nam nulla.', 'Proin eu mi. Nulla ac enim. In tempor, turpis nec euismod scelerisque, quam turpis adipiscing lorem, vitae mattis nibh ligula nec sem.', null, 'Sheree', 'Orsa', '2022-11-17', '2022-03-16')
       , ('fkaa', 'Fusce congue, diam id ornare imperdiet, sapien urna pretium nisl, ut volutpat sapien arcu sed augue.', 'Nullam sit amet turpis elementum ligula vehicula consequat. Morbi a ipsum. Integer a nibh.', null, 'Pandora', 'Marty', '2022-08-21', '2022-03-29')
       , ('fkaa', 'In hac habitasse platea dictumst.', 'Nullam sit amet turpis elementum ligula vehicula consequat. Morbi a ipsum. Integer a nibh.', '#Yellow', 'Ashlen', 'Lon', '2022-03-24', '2022-03-17')
       , ('fkaa', 'Lorem ipsum dolor sit amet, consectetuer adipiscing elit.', 'Nullam sit amet turpis elementum ligula vehicula consequat. Morbi a ipsum. Integer a nibh.', '#Khaki', 'Innis', 'Charley', '2023-02-01', '2022-11-15')
       , ('fkaa', 'Quisque id justo sit amet sapien dignissim vestibulum.', 'Fusce posuere felis sed lacus. Morbi sem mauris, laoreet ut, rhoncus aliquet, pulvinar sed, nisl. Nunc rhoncus dui vel sem.', '#Orange', 'Maribel', 'Mitch', '2022-07-03', '2022-04-04')
       , ('fkaa', 'Nulla ac enim.', 'Sed sagittis. Nam congue, risus semper porta volutpat, quam pede lobortis ligula, sit amet eleifend pede libero quis orci. Nullam molestie nibh in lectus.', '#Turquoise', 'Dorelia', 'Roz', '2022-04-16', '2023-01-26')
       , ('fkaa', 'Curabitur convallis.', 'Praesent id massa id nisl venenatis lacinia. Aenean sit amet justo. Morbi ut odio.', '#Crimson', 'Elayne', 'Jen', '2022-07-14', '2022-05-26')
       , ('fkaa', 'Praesent blandit lacinia erat.', 'Phasellus in felis. Donec semper sapien a libero. Nam dui.', '#Green', 'Sutherlan', 'Ottilie', '2022-05-07', '2022-05-09')
       , ('fkaa', 'Duis bibendum.', 'Aliquam quis turpis eget elit sodales scelerisque. Mauris sit amet eros. Suspendisse accumsan tortor quis turpis.', null, 'Lambert', 'Bayard', '2022-03-10', '2022-02-27')
       , ('fkaa', 'Nullam varius.', 'Curabitur in libero ut massa volutpat convallis. Morbi odio odio, elementum eu, interdum eu, tincidunt in, leo. Maecenas pulvinar lobortis est.', null, 'Hamid', 'Leontyne', '2022-08-07', '2022-05-07')
       , ('fkaa', 'Donec quis orci eget orci vehicula condimentum.', 'Curabitur at ipsum ac tellus semper interdum. Mauris ullamcorper purus sit amet nulla. Quisque arcu libero, rutrum ac, lobortis vel, dapibus at, diam.', '#Indigo', 'Daisi', 'Jackquelin', '2022-07-30', '2022-07-14')
       , ('fkaa', 'Lorem ipsum dolor sit amet, consectetuer adipiscing elit.', 'Integer ac leo. Pellentesque ultrices mattis odio. Donec vitae nisi.', '#Mauv', 'Elberta', 'Madonna', '2022-06-21', '2023-02-01')
       , ('fkaa', 'Cras in purus eu magna vulputate luctus.', 'Sed sagittis. Nam congue, risus semper porta volutpat, quam pede lobortis ligula, sit amet eleifend pede libero quis orci. Nullam molestie nibh in lectus.', '#Crimson', 'Say', 'Barnaby', '2022-08-22', '2022-09-22')
       , ('fkaa', 'Pellentesque viverra pede ac diam.', 'Integer ac leo. Pellentesque ultrices mattis odio. Donec vitae nisi.', null, 'Neall', 'Cesya', '2022-09-03', '2022-05-06')
       , ('fkaa', 'Duis ac nibh.', 'Duis bibendum. Morbi non quam nec dui luctus rutrum. Nulla tellus.', '#Orange', 'Dre', 'Anselm', '2022-10-30', '2023-02-03')
       , ('fkaa', 'Suspendisse potenti.', 'Duis bibendum, felis sed interdum venenatis, turpis enim blandit mi, in porttitor pede justo eu massa. Donec dapibus. Duis at velit eu est congue elementum.', '#Red', 'Malanie', 'Ferrel', '2022-12-22', '2022-08-19')
       , ('fkaa', 'Proin leo odio, porttitor id, consequat in, consequat ut, nulla.', 'Pellentesque at nulla. Suspendisse potenti. Cras in purus eu magna vulputate luctus.', null, 'Noll', 'Blanche', '2022-08-21', '2022-11-05')
       , ('fkaa', 'Nullam orci pede, venenatis non, sodales sed, tincidunt eu, felis.', 'Proin eu mi. Nulla ac enim. In tempor, turpis nec euismod scelerisque, quam turpis adipiscing lorem, vitae mattis nibh ligula nec sem.', null, 'Marie-ann', 'Nathanial', '2022-09-23', '2022-11-03')
       , ('fkaa', 'Phasellus id sapien in sapien iaculis congue.', 'Cras mi pede, malesuada in, imperdiet et, commodo vulputate, justo. In blandit ultrices enim. Lorem ipsum dolor sit amet, consectetuer adipiscing elit.', '#Goldenrod', 'Biddie', 'Andrei', '2022-03-23', '2023-01-21')
       , ('fkaa', 'In eleifend quam a odio.', 'Mauris enim leo, rhoncus sed, vestibulum sit amet, cursus id, turpis. Integer aliquet, massa id lobortis convallis, tortor risus dapibus augue, vel accumsan tellus nisi eu orci. Mauris lacinia sapien quis libero.', '#Puce', 'Nicoli', 'Englebert', '2023-01-27', '2022-10-22')
       , ('fkaa', 'Duis ac nibh.', 'Praesent id massa id nisl venenatis lacinia. Aenean sit amet justo. Morbi ut odio.', null, 'Shadow', 'Brena', '2023-02-10', '2022-06-22')
       , ('fkaa', 'Nullam sit amet turpis elementum ligula vehicula consequat.', 'Curabitur in libero ut massa volutpat convallis. Morbi odio odio, elementum eu, interdum eu, tincidunt in, leo. Maecenas pulvinar lobortis est.', '#Puce', 'Khalil', 'Cristian', '2022-08-25', '2022-03-11')
       , ('fkaa', 'Vestibulum quam sapien, varius ut, blandit non, interdum in, ante.', 'Morbi porttitor lorem id ligula. Suspendisse ornare consequat lectus. In est risus, auctor sed, tristique in, tempus sit amet, sem.', null, 'Aleen', 'Pearla', '2022-05-21', '2022-09-22')
       , ('fkaa', 'Ut tellus.', 'Maecenas leo odio, condimentum id, luctus nec, molestie sed, justo. Pellentesque viverra pede ac diam. Cras pellentesque volutpat dui.', '#Indigo', 'Ario', 'Christophe', '2022-12-20', '2022-03-01')
       , ('fkaa', 'Pellentesque viverra pede ac diam.', 'Phasellus sit amet erat. Nulla tempus. Vivamus in felis eu sapien cursus vestibulum.', null, 'Saba', 'Marley', '2022-12-09', '2023-02-01')
       , ('fkaa', 'Vivamus metus arcu, adipiscing molestie, hendrerit at, vulputate vitae, nisl.', 'Integer tincidunt ante vel ipsum. Praesent blandit lacinia erat. Vestibulum sed magna at nunc commodo placerat.', '#Violet', 'Thibaut', 'Sher', '2023-01-20', '2022-04-01')
       , ('fkaa', 'Nulla ut erat id mauris vulputate elementum.', 'In quis justo. Maecenas rhoncus aliquam lacus. Morbi quis tortor id nulla ultrices aliquet.', '#Maroon', 'Calley', 'Rozalin', '2022-05-30', '2022-06-16')
       , ('fkaa', 'Suspendisse accumsan tortor quis turpis.', 'In quis justo. Maecenas rhoncus aliquam lacus. Morbi quis tortor id nulla ultrices aliquet.', '#Violet', 'Nate', 'Tate', '2022-09-14', '2022-07-31')
       , ('fkaa', 'Aenean lectus.', 'Cras mi pede, malesuada in, imperdiet et, commodo vulputate, justo. In blandit ultrices enim. Lorem ipsum dolor sit amet, consectetuer adipiscing elit.', '#Purple', 'Reuben', 'Rosalinde', '2022-04-21', '2022-08-29')
       , ('fkaa', 'Donec semper sapien a libero.', 'Pellentesque at nulla. Suspendisse potenti. Cras in purus eu magna vulputate luctus.', '#Red', 'Maxy', 'Sebastiano', '2022-06-07', '2023-02-16')
       , ('fkaa', 'Lorem ipsum dolor sit amet, consectetuer adipiscing elit.', 'Nullam sit amet turpis elementum ligula vehicula consequat. Morbi a ipsum. Integer a nibh.', '#Goldenrod', 'Caddric', 'Gardy', '2022-04-26', '2023-02-03')
       , ('fkaa', 'Nullam sit amet turpis elementum ligula vehicula consequat.', 'Pellentesque at nulla. Suspendisse potenti. Cras in purus eu magna vulputate luctus.', '#Goldenrod', 'Oralie', 'Gabbi', '2022-12-19', '2022-08-15')
       , ('fkaa', 'Duis aliquam convallis nunc.', 'Pellentesque at nulla. Suspendisse potenti. Cras in purus eu magna vulputate luctus.', '#Yellow', 'Agnesse', 'Stanly', '2023-02-05', '2022-05-20')
       , ('fkaa', 'Vestibulum quam sapien, varius ut, blandit non, interdum in, ante.', 'Duis consequat dui nec nisi volutpat eleifend. Donec ut dolor. Morbi vel lectus in quam fringilla rhoncus.', '#Violet', 'Alain', 'Geraldine', '2022-12-14', '2022-08-09')
       , ('fkaa', 'Aenean auctor gravida sem.', 'Phasellus sit amet erat. Nulla tempus. Vivamus in felis eu sapien cursus vestibulum.', '#Yellow', 'Ardisj', 'Ashla', '2022-10-31', '2022-12-13')
       , ('fkaa', 'Etiam vel augue.', 'Mauris enim leo, rhoncus sed, vestibulum sit amet, cursus id, turpis. Integer aliquet, massa id lobortis convallis, tortor risus dapibus augue, vel accumsan tellus nisi eu orci. Mauris lacinia sapien quis libero.', '#Purple', 'Hyatt', 'Hortense', '2022-09-20', '2022-06-29')
       , ('fkaa', 'Proin risus.', 'In quis justo. Maecenas rhoncus aliquam lacus. Morbi quis tortor id nulla ultrices aliquet.', null, 'Minor', 'Doug', '2023-01-03', '2022-11-25')
       , ('fkaa', 'Maecenas pulvinar lobortis est.', 'Phasellus sit amet erat. Nulla tempus. Vivamus in felis eu sapien cursus vestibulum.', '#Mauv', 'Spencer', 'Abrahan', '2022-09-27', '2023-01-19')
       , ('fkaa', 'Quisque porta volutpat erat.', 'Nullam porttitor lacus at turpis. Donec posuere metus vitae ipsum. Aliquam non mauris.', null, 'Evvy', 'Olwen', '2022-07-28', '2022-10-05')
       , ('fkaa', 'Nulla suscipit ligula in lacus.', 'In quis justo. Maecenas rhoncus aliquam lacus. Morbi quis tortor id nulla ultrices aliquet.', '#Purple', 'Eddie', 'Byrann', '2022-10-19', '2022-08-10')
       , ('fkaa', 'Morbi odio odio, elementum eu, interdum eu, tincidunt in, leo.', 'Duis aliquam convallis nunc. Proin at turpis a pede posuere nonummy. Integer non velit.', '#Purple', 'Annora', 'Isabelle', '2023-02-17', '2022-04-14')
       , ('fkaa', 'Integer tincidunt ante vel ipsum.', 'In quis justo. Maecenas rhoncus aliquam lacus. Morbi quis tortor id nulla ultrices aliquet.', '#Orange', 'Lyon', 'Claudio', '2022-10-05', '2022-06-18')
       , ('fkaa', 'Vestibulum sed magna at nunc commodo placerat.', 'Curabitur in libero ut massa volutpat convallis. Morbi odio odio, elementum eu, interdum eu, tincidunt in, leo. Maecenas pulvinar lobortis est.', '#Orange', 'Kessia', 'Pris', '2022-05-29', '2022-06-24')
       , ('fkaa', 'Curabitur convallis.', 'Cras mi pede, malesuada in, imperdiet et, commodo vulputate, justo. In blandit ultrices enim. Lorem ipsum dolor sit amet, consectetuer adipiscing elit.', '#Fuscia', 'Ibbie', 'Laurena', '2022-10-06', '2022-06-17')
       , ('fkaa', 'Donec semper sapien a libero.', 'In quis justo. Maecenas rhoncus aliquam lacus. Morbi quis tortor id nulla ultrices aliquet.', '#Indigo', 'Jerald', 'Clyde', '2022-03-09', '2022-05-05')
       , ('fkaa', 'Proin interdum mauris non ligula pellentesque ultrices.', 'Lorem ipsum dolor sit amet, consectetuer adipiscing elit. Proin risus. Praesent lectus.', '#Green', 'Gisele', 'Farah', '2023-02-10', '2022-07-13')
       , ('fkaa', 'Nulla ut erat id mauris vulputate elementum.', 'Curabitur gravida nisi at nibh. In hac habitasse platea dictumst. Aliquam augue quam, sollicitudin vitae, consectetuer eget, rutrum at, lorem.', '#Mauv', 'Harmon', 'Jefferson', '2022-03-31', '2022-11-14')
       , ('fkaa', 'Nulla ac enim.', 'Proin interdum mauris non ligula pellentesque ultrices. Phasellus id sapien in sapien iaculis congue. Vivamus metus arcu, adipiscing molestie, hendrerit at, vulputate vitae, nisl.', '#Green', 'Pattie', 'Darell', '2022-04-19', '2022-07-21')
       , ('fkaa', 'Integer non velit.', 'Cras non velit nec nisi vulputate nonummy. Maecenas tincidunt lacus at velit. Vivamus vel nulla eget eros elementum pellentesque.', null, 'Reinhard', 'Riane', '2022-11-12', '2022-03-03')
       , ('fkaa', 'Vivamus tortor.', 'Maecenas tristique, est et tempus semper, est quam pharetra magna, ac consequat metus sapien ut nunc. Vestibulum ante ipsum primis in faucibus orci luctus et ultrices posuere cubilia Curae; Mauris viverra diam vitae quam. Suspendisse potenti.', null, 'Mariejeanne', 'Quincey', '2022-03-31', '2022-08-07')
       , ('fkaa', 'Aenean sit amet justo.', 'Praesent blandit. Nam nulla. Integer pede justo, lacinia eget, tincidunt eget, tempus vel, pede.', null, 'Aloysius', 'Iris', '2023-01-13', '2023-01-19')
       , ('fkaa', 'Integer pede justo, lacinia eget, tincidunt eget, tempus vel, pede.', 'Curabitur at ipsum ac tellus semper interdum. Mauris ullamcorper purus sit amet nulla. Quisque arcu libero, rutrum ac, lobortis vel, dapibus at, diam.', '#Fuscia', 'Anjela', 'Carlota', '2022-05-13', '2022-07-03')
       , ('fkaa', 'Vestibulum ante ipsum primis in faucibus orci luctus et ultrices posuere cubilia Curae; Donec pharetra, magna vestibulum aliquet ultrices, erat tortor sollicitudin mi, sit amet lobortis sapien sapien non mi.', 'In hac habitasse platea dictumst. Etiam faucibus cursus urna. Ut tellus.', '#Mauv', 'Mischa', 'Kendal', '2022-09-24', '2022-11-10')
       , ('fkaa', 'Proin interdum mauris non ligula pellentesque ultrices.', 'Proin interdum mauris non ligula pellentesque ultrices. Phasellus id sapien in sapien iaculis congue. Vivamus metus arcu, adipiscing molestie, hendrerit at, vulputate vitae, nisl.', null, 'Wallie', 'Stefanie', '2023-01-20', '2022-11-24')
       , ('fkaa', 'Suspendisse potenti.', 'Curabitur at ipsum ac tellus semper interdum. Mauris ullamcorper purus sit amet nulla. Quisque arcu libero, rutrum ac, lobortis vel, dapibus at, diam.', '#Orange', 'Rodrick', 'Marla', '2022-11-03', '2022-08-16')
       , ('fkaa', 'Etiam faucibus cursus urna.', 'Morbi porttitor lorem id ligula. Suspendisse ornare consequat lectus. In est risus, auctor sed, tristique in, tempus sit amet, sem.', '#Teal', 'Hilde', 'Caty', '2022-10-11', '2022-09-15')
       , ('fkaa', 'Praesent blandit.', 'Mauris enim leo, rhoncus sed, vestibulum sit amet, cursus id, turpis. Integer aliquet, massa id lobortis convallis, tortor risus dapibus augue, vel accumsan tellus nisi eu orci. Mauris lacinia sapien quis libero.', '#Aquamarine', 'Romola', 'Wenonah', '2022-04-26', '2022-10-22')
       , ('fkaa', 'Vivamus in felis eu sapien cursus vestibulum.', 'Nullam sit amet turpis elementum ligula vehicula consequat. Morbi a ipsum. Integer a nibh.', '#Goldenrod', 'Clive', 'Andrea', '2022-03-04', '2022-10-03')
       , ('fkaa', 'In hac habitasse platea dictumst.', 'Suspendisse potenti. In eleifend quam a odio. In hac habitasse platea dictumst.', '#Blue', 'Carey', 'Javier', '2022-07-18', '2022-09-21')
       , ('fkaa', 'Duis ac nibh.', 'Cum sociis natoque penatibus et magnis dis parturient montes, nascetur ridiculus mus. Vivamus vestibulum sagittis sapien. Cum sociis natoque penatibus et magnis dis parturient montes, nascetur ridiculus mus.', '#Teal', 'Redd', 'Gavra', '2022-03-31', '2022-11-18');




-- 1000개 댓글
insert into article_comment (article_id, user_id, content, created_by, modified_by, created_at, modified_at)
values (22, 'fkaa', 'Nam tristique tortor eu pede.', 'McCahill', 'Goldthorp', '2022-07-03', '2022-04-25')
       , (18, 'fkaa', 'Suspendisse potenti.', 'Morl', 'Dorran', '2022-08-06', '2022-06-26')
       , (70, 'fkaa', 'Nulla nisl.', 'Clute', 'Bradberry', '2022-07-01', '2022-11-12')
       , (36, 'fkaa', 'Proin at turpis a pede posuere nonummy.', 'Yeoman', 'Gomez', '2023-02-08', '2022-07-15')
       , (20, 'fkaa', 'Proin leo odio, porttitor id, consequat in, consequat ut, nulla.', 'Dowsey', 'Sigge', '2022-09-29', '2022-06-16')
       , (95, 'fkaa', 'Pellentesque ultrices mattis odio.', 'Portlock', 'Rosel', '2022-09-13', '2022-10-07')
       , (40, 'fkaa', 'Cras non velit nec nisi vulputate nonummy.', 'Schaumann', 'Cleary', '2023-02-02', '2023-01-28')
       , (10, 'fkaa', 'Nam nulla.', 'Kondrachenko', 'Culverhouse', '2022-12-19', '2022-05-16')
       , (54, 'fkaa', 'Fusce lacus purus, aliquet at, feugiat non, pretium quis, lectus.', 'Carlos', 'Anetts', '2022-08-02', '2023-01-16')
       , (109, 'fkaa', 'Integer aliquet, massa id lobortis convallis, tortor risus dapibus augue, vel accumsan tellus nisi eu orci.', 'Varns', 'Morsom', '2022-08-23', '2022-11-10')
       , (2, 'fkaa', 'Etiam vel augue.', 'Marusik', 'Bennie', '2022-05-02', '2023-02-12')
       , (43, 'fkaa', 'Etiam justo.', 'Tire', 'Blezard', '2022-03-13', '2022-04-05')
       , (7, 'fkaa', 'Vestibulum rutrum rutrum neque.', 'Konzelmann', 'Lapidus', '2022-09-16', '2022-10-03')
       , (20, 'fkaa', 'Nam congue, risus semper porta volutpat, quam pede lobortis ligula, sit amet eleifend pede libero quis orci.', 'Stiffell', 'Mityashev', '2022-03-10', '2022-11-08')
       , (49, 'fkaa', 'Etiam vel augue.', 'Bartoszewicz', 'Acom', '2022-04-23', '2022-06-25')
       , (37, 'fkaa', 'Morbi non lectus.', 'Conklin', 'Altimas', '2022-08-16', '2022-08-13')
       , (97, 'fkaa', 'Mauris lacinia sapien quis libero.', 'Goldsbrough', 'Jahnig', '2023-02-09', '2022-07-18')
       , (105, 'fkaa', 'In hac habitasse platea dictumst.', 'Schindler', 'Cowle', '2022-10-18', '2022-08-27')
       , (88, 'fkaa', 'Lorem ipsum dolor sit amet, consectetuer adipiscing elit.', 'Botger', 'Ridding', '2022-04-20', '2022-12-30')
       , (76, 'fkaa', 'Nulla suscipit ligula in lacus.', 'Hatchett', 'Plackstone', '2022-06-26', '2022-07-21')
       , (122, 'fkaa', 'Vivamus metus arcu, adipiscing molestie, hendrerit at, vulputate vitae, nisl.', 'Klimko', 'Cuesta', '2022-09-27', '2022-10-07')
       , (27, 'fkaa', 'Aenean sit amet justo.', 'Spittles', 'Gowdie', '2022-09-07', '2022-12-15')
       , (58, 'fkaa', 'Nulla justo.', 'Druhan', 'Manginot', '2023-01-03', '2022-08-23')
       , (92, 'fkaa', 'Sed vel enim sit amet nunc viverra dapibus.', 'Kmicicki', 'Pecha', '2022-04-11', '2022-05-05')
       , (95, 'fkaa', 'Aliquam augue quam, sollicitudin vitae, consectetuer eget, rutrum at, lorem.', 'De Brett', 'Baseke', '2022-07-01', '2022-12-23')
       , (93, 'fkaa', 'Sed vel enim sit amet nunc viverra dapibus.', 'Drinan', 'Ebbins', '2022-06-05', '2022-11-27')
       , (88, 'fkaa', 'Phasellus sit amet erat.', 'Boam', 'Butterley', '2022-11-04', '2022-11-04')
       , (8, 'fkaa', 'Proin at turpis a pede posuere nonummy.', 'Packwood', 'Bowmen', '2022-08-30', '2022-08-10')
       , (98, 'fkaa', 'Nulla neque libero, convallis eget, eleifend luctus, ultricies eu, nibh.', 'Midlane', 'De Wolfe', '2023-01-26', '2022-04-19')
       , (2, 'fkaa', 'Vivamus tortor.', 'Anger', 'Casford', '2022-04-19', '2022-05-16')
       , (13, 'fkaa', 'Lorem ipsum dolor sit amet, consectetuer adipiscing elit.', 'Duding', 'Robinett', '2022-06-05', '2022-10-25')
       , (117, 'fkaa', 'Integer ac leo.', 'Vine', 'Frayne', '2022-11-13', '2022-05-25')
       , (37, 'fkaa', 'Vivamus tortor.', 'Borborough', 'Aikett', '2023-02-22', '2022-11-27')
       , (17, 'fkaa', 'Cras mi pede, malesuada in, imperdiet et, commodo vulputate, justo.', 'Cawdery', 'Bunyard', '2022-06-18', '2022-11-06')
       , (10, 'fkaa', 'Morbi non quam nec dui luctus rutrum.', 'Sambath', 'Haddon', '2022-05-24', '2022-12-11')
       , (89, 'fkaa', 'Nam nulla.', 'O''Keenan', 'Housiaux', '2022-07-10', '2022-05-03')
       , (13, 'fkaa', 'Vestibulum ante ipsum primis in faucibus orci luctus et ultrices posuere cubilia Curae; Nulla dapibus dolor vel est.', 'Bentke', 'Youthed', '2022-06-28', '2022-05-18')
       , (84, 'fkaa', 'Praesent lectus.', 'Gensavage', 'Buzine', '2023-01-21', '2022-09-27')
       , (123, 'fkaa', 'Sed vel enim sit amet nunc viverra dapibus.', 'Johananov', 'Sansam', '2023-02-12', '2023-02-16')
       , (34, 'fkaa', 'Aenean sit amet justo.', 'Ghioni', 'Makeswell', '2022-03-31', '2022-08-13')
       , (94, 'fkaa', 'Praesent lectus.', 'Buggy', 'Coghlin', '2022-09-25', '2022-02-25')
       , (23, 'fkaa', 'Integer non velit.', 'Crosser', 'Lytle', '2022-05-20', '2023-01-31')
       , (3, 'fkaa', 'Curabitur gravida nisi at nibh.', 'Kippax', 'Barkway', '2022-11-22', '2023-01-25')
       , (20, 'fkaa', 'Morbi non quam nec dui luctus rutrum.', 'McLuckie', 'Presser', '2022-05-27', '2022-08-23')
       , (62, 'fkaa', 'Vestibulum ante ipsum primis in faucibus orci luctus et ultrices posuere cubilia Curae; Nulla dapibus dolor vel est.', 'Oblein', 'Mcwhinnie', '2022-03-02', '2022-03-28')
       , (113, 'fkaa', 'Cras non velit nec nisi vulputate nonummy.', 'Oxbe', 'Ipsgrave', '2022-10-17', '2023-02-07')
       , (2, 'fkaa', 'Donec semper sapien a libero.', 'Pinks', 'Klausen', '2022-03-19', '2022-04-29')
       , (123, 'fkaa', 'Maecenas ut massa quis augue luctus tincidunt.', 'Juhruke', 'Claw', '2022-11-13', '2022-07-13')
       , (79, 'fkaa', 'Donec diam neque, vestibulum eget, vulputate ut, ultrices vel, augue.', 'Jancik', 'Willatts', '2022-08-01', '2022-08-27')
       , (37, 'fkaa', 'Vivamus in felis eu sapien cursus vestibulum.', 'Pomfrett', 'Scanterbury', '2023-01-29', '2022-03-12')
       , (81, 'fkaa', 'Aenean lectus.', 'Wanek', 'Walden', '2022-03-02', '2022-10-03')
       , (13, 'fkaa', 'Integer ac neque.', 'Howett', 'Jarad', '2022-12-24', '2023-01-15')
       , (43, 'fkaa', 'Quisque ut erat.', 'Horley', 'Physick', '2022-10-29', '2022-03-31')
       , (44, 'fkaa', 'Maecenas ut massa quis augue luctus tincidunt.', 'Wevell', 'Goakes', '2022-03-03', '2022-10-28')
       , (70, 'fkaa', 'Pellentesque ultrices mattis odio.', 'Wadeling', 'Gurnett', '2022-03-26', '2022-09-17')
       , (116, 'fkaa', 'Fusce lacus purus, aliquet at, feugiat non, pretium quis, lectus.', 'Petherick', 'Prebble', '2022-05-29', '2022-07-20')
       , (92, 'fkaa', 'Cras pellentesque volutpat dui.', 'Skarr', 'Boggers', '2022-12-20', '2023-02-07')
       , (59, 'fkaa', 'Donec dapibus.', 'Tibbits', 'Corben', '2023-02-01', '2022-11-20')
       , (122, 'fkaa', 'Nulla ut erat id mauris vulputate elementum.', 'Whannel', 'Piperley', '2023-01-14', '2022-11-28')
       , (21, 'fkaa', 'Morbi non quam nec dui luctus rutrum.', 'Thomasset', 'Arnott', '2022-10-08', '2022-11-06')
       , (119, 'fkaa', 'Vestibulum ac est lacinia nisi venenatis tristique.', 'MacQuist', 'Mont', '2022-08-25', '2022-05-15')
       , (109, 'fkaa', 'Vestibulum quam sapien, varius ut, blandit non, interdum in, ante.', 'Patsall', 'Crooke', '2022-05-08', '2022-05-08')
       , (55, 'fkaa', 'Quisque erat eros, viverra eget, congue eget, semper rutrum, nulla.', 'Esslemont', 'Leakner', '2022-09-11', '2022-07-19')
       , (66, 'fkaa', 'Mauris enim leo, rhoncus sed, vestibulum sit amet, cursus id, turpis.', 'Adao', 'Welden', '2022-08-30', '2022-10-25')
       , (38, 'fkaa', 'Aliquam non mauris.', 'Lillicrap', 'Oxtaby', '2022-02-26', '2022-09-28')
       , (121, 'fkaa', 'Sed vel enim sit amet nunc viverra dapibus.', 'Howorth', 'Kelly', '2022-11-06', '2022-09-15')
       , (115, 'fkaa', 'Cras mi pede, malesuada in, imperdiet et, commodo vulputate, justo.', 'Chartre', 'Maudson', '2022-04-23', '2023-02-11')
       , (19, 'fkaa', 'Praesent blandit lacinia erat.', 'Leipelt', 'Barukh', '2022-08-07', '2022-03-17')
       , (43, 'fkaa', 'Maecenas rhoncus aliquam lacus.', 'Jachimiak', 'Valois', '2022-03-22', '2022-04-03')
       , (87, 'fkaa', 'Cras pellentesque volutpat dui.', 'Langhorn', 'Ville', '2022-10-26', '2022-03-21')
       , (63, 'fkaa', 'Nam congue, risus semper porta volutpat, quam pede lobortis ligula, sit amet eleifend pede libero quis orci.', 'Witherbed', 'Wilmore', '2023-01-04', '2022-11-26')
       , (64, 'fkaa', 'Duis at velit eu est congue elementum.', 'Cancellario', 'Haryngton', '2022-06-14', '2023-01-22')
       , (61, 'fkaa', 'Donec quis orci eget orci vehicula condimentum.', 'Aujouanet', 'Matonin', '2022-06-11', '2022-04-13')
       , (35, 'fkaa', 'In hac habitasse platea dictumst.', 'Dyte', 'Thalmann', '2022-08-13', '2022-03-21')
       , (119, 'fkaa', 'Nunc purus.', 'Robiot', 'Hymer', '2022-03-22', '2022-05-28')
       , (34, 'fkaa', 'Morbi odio odio, elementum eu, interdum eu, tincidunt in, leo.', 'Simony', 'Hunn', '2022-10-18', '2022-06-21')
       , (112, 'fkaa', 'Duis ac nibh.', 'Edgecumbe', 'Antoinet', '2022-06-22', '2022-07-07')
       , (103, 'fkaa', 'Nullam sit amet turpis elementum ligula vehicula consequat.', 'Spridgen', 'Janton', '2022-11-27', '2022-05-16')
       , (27, 'fkaa', 'Integer aliquet, massa id lobortis convallis, tortor risus dapibus augue, vel accumsan tellus nisi eu orci.', 'Mullen', 'Romayne', '2022-03-13', '2022-12-29')
       , (91, 'fkaa', 'Nulla mollis molestie lorem.', 'McIleen', 'Linskey', '2022-03-23', '2022-06-10')
       , (85, 'fkaa', 'Integer aliquet, massa id lobortis convallis, tortor risus dapibus augue, vel accumsan tellus nisi eu orci.', 'Winsor', 'Tivolier', '2022-12-20', '2023-01-02')
       , (72, 'fkaa', 'Phasellus in felis.', 'O''Rodane', 'Axby', '2022-09-25', '2023-01-30')
       , (118, 'fkaa', 'Nam dui.', 'Kasbye', 'Bendelow', '2022-03-31', '2022-12-15')
       , (3, 'fkaa', 'Nulla justo.', 'Rosindill', 'Walbrook', '2022-04-04', '2023-01-03')
       , (7, 'fkaa', 'Mauris enim leo, rhoncus sed, vestibulum sit amet, cursus id, turpis.', 'Abrahamson', 'Cuer', '2023-02-06', '2022-05-03')
       , (55, 'fkaa', 'Duis bibendum, felis sed interdum venenatis, turpis enim blandit mi, in porttitor pede justo eu massa.', 'Jiggle', 'Davidoff', '2022-05-26', '2022-03-31')
       , (31, 'fkaa', 'Mauris sit amet eros.', 'Norcross', 'Dalmon', '2022-04-28', '2022-12-23')
       , (89, 'fkaa', 'Etiam faucibus cursus urna.', 'O''Currane', 'Arnald', '2023-01-08', '2022-06-02')
       , (23, 'fkaa', 'Suspendisse potenti.', 'Vearnals', 'Rosenshine', '2022-11-03', '2022-07-15')
       , (59, 'fkaa', 'Vestibulum quam sapien, varius ut, blandit non, interdum in, ante.', 'Darmody', 'Matus', '2022-09-16', '2022-06-05')
       , (87, 'fkaa', 'Vestibulum sed magna at nunc commodo placerat.', 'Titcomb', 'Sharpus', '2022-06-27', '2022-03-24')
       , (50, 'fkaa', 'Nulla neque libero, convallis eget, eleifend luctus, ultricies eu, nibh.', 'Durrant', 'Jeger', '2022-04-08', '2022-08-30')
       , (22, 'fkaa', 'Nulla ac enim.', 'Sharply', 'Dawidowitz', '2022-05-16', '2022-10-29')
       , (74, 'fkaa', 'Mauris sit amet eros.', 'Sertin', 'Caitlin', '2022-11-21', '2022-03-04')
       , (25, 'fkaa', 'Maecenas ut massa quis augue luctus tincidunt.', 'Howerd', 'Chippendale', '2022-08-01', '2023-02-20')
       , (59, 'fkaa', 'Duis aliquam convallis nunc.', 'Duer', 'Skipsea', '2022-04-01', '2023-01-16')
       , (27, 'fkaa', 'Suspendisse potenti.', 'Riepl', 'Eke', '2022-07-14', '2022-03-24')
       , (93, 'fkaa', 'Integer non velit.', 'Monkley', 'Mcimmie', '2022-12-16', '2023-02-08')
       , (83, 'fkaa', 'Maecenas tristique, est et tempus semper, est quam pharetra magna, ac consequat metus sapien ut nunc.', 'Coomer', 'Blurton', '2022-10-14', '2022-04-24')
       , (94, 'fkaa', 'Aliquam erat volutpat.', 'Iskow', 'Baton', '2022-11-14', '2022-03-19')
       , (66, 'fkaa', 'Vivamus vel nulla eget eros elementum pellentesque.', 'Lyddiard', 'Eames', '2022-11-26', '2022-04-07')
       , (1, 'fkaa', 'Lorem ipsum dolor sit amet, consectetuer adipiscing elit.', 'Caswill', 'Hutable', '2022-04-30', '2022-10-11')
       , (11, 'fkaa', 'Phasellus id sapien in sapien iaculis congue.', 'Trayling', 'Van der Brugge', '2022-04-28', '2022-12-21')
       , (121, 'fkaa', 'Proin leo odio, porttitor id, consequat in, consequat ut, nulla.', 'Sieur', 'Juorio', '2022-12-04', '2022-12-17')
       , (86, 'fkaa', 'Aliquam augue quam, sollicitudin vitae, consectetuer eget, rutrum at, lorem.', 'Pym', 'Hryniewicz', '2022-11-06', '2022-07-31')
       , (51, 'fkaa', 'Curabitur gravida nisi at nibh.', 'Gregorin', 'Kall', '2022-07-26', '2022-05-22')
       , (71, 'fkaa', 'Curabitur in libero ut massa volutpat convallis.', 'Bogaert', 'Bownd', '2023-02-20', '2022-03-17')
       , (71, 'fkaa', 'Morbi sem mauris, laoreet ut, rhoncus aliquet, pulvinar sed, nisl.', 'Duval', 'Caplen', '2022-09-03', '2022-12-31')
       , (99, 'fkaa', 'Lorem ipsum dolor sit amet, consectetuer adipiscing elit.', 'D''Alessio', 'Conniam', '2022-05-28', '2022-11-28')
       , (30, 'fkaa', 'Pellentesque at nulla.', 'Jerrolt', 'Imorts', '2022-06-01', '2022-11-23')
       , (98, 'fkaa', 'Sed sagittis.', 'Heliot', 'Dinsdale', '2022-11-02', '2022-09-27')
       , (84, 'fkaa', 'Donec diam neque, vestibulum eget, vulputate ut, ultrices vel, augue.', 'Vaan', 'Astridge', '2022-10-30', '2022-03-08')
       , (26, 'fkaa', 'Vivamus in felis eu sapien cursus vestibulum.', 'Maxted', 'Sole', '2022-03-06', '2022-09-05')
       , (77, 'fkaa', 'Donec ut dolor.', 'Marvin', 'Ludwikiewicz', '2022-04-02', '2023-01-12')
       , (114, 'fkaa', 'Aliquam quis turpis eget elit sodales scelerisque.', 'Dorbon', 'Helgass', '2022-12-30', '2022-09-21')
       , (24, 'fkaa', 'Pellentesque viverra pede ac diam.', 'Leishman', 'McCurdy', '2022-03-21', '2022-04-24')
       , (121, 'fkaa', 'Integer non velit.', 'Allridge', 'Boulding', '2022-09-27', '2022-05-25')
       , (92, 'fkaa', 'Duis consequat dui nec nisi volutpat eleifend.', 'Bogies', 'Cracknall', '2022-09-01', '2022-11-13')
       , (65, 'fkaa', 'Pellentesque viverra pede ac diam.', 'Burford', 'Heinemann', '2022-12-24', '2022-05-31')
       , (74, 'fkaa', 'Aliquam augue quam, sollicitudin vitae, consectetuer eget, rutrum at, lorem.', 'Onians', 'Zorzenoni', '2022-09-07', '2022-02-24')
       , (70, 'fkaa', 'Aenean fermentum.', 'Bascombe', 'Fishbourne', '2022-08-31', '2022-12-22')
       , (93, 'fkaa', 'Nunc nisl.', 'Ply', 'Hedgeman', '2022-11-21', '2022-11-06')
       , (27, 'fkaa', 'Vestibulum ac est lacinia nisi venenatis tristique.', 'Rens', 'Dussy', '2022-07-24', '2022-10-28')
       , (23, 'fkaa', 'Aenean sit amet justo.', 'Northin', 'Jobling', '2022-06-21', '2022-09-04')
       , (49, 'fkaa', 'Aliquam quis turpis eget elit sodales scelerisque.', 'Authers', 'Spillman', '2022-09-08', '2022-06-23')
       , (63, 'fkaa', 'Curabitur at ipsum ac tellus semper interdum.', 'Limrick', 'Hallowes', '2022-05-07', '2022-04-16')
       , (5, 'fkaa', 'Mauris sit amet eros.', 'Paolone', 'Cucinotta', '2022-07-17', '2022-10-07')
       , (20, 'fkaa', 'Maecenas tristique, est et tempus semper, est quam pharetra magna, ac consequat metus sapien ut nunc.', 'Toothill', 'Woodthorpe', '2022-05-14', '2022-11-24')
       , (14, 'fkaa', 'Praesent lectus.', 'Farrant', 'Pheazey', '2022-04-17', '2022-07-06')
       , (75, 'fkaa', 'Sed ante.', 'Hamlett', 'de Courcy', '2022-07-29', '2022-08-04')
       , (118, 'fkaa', 'Mauris sit amet eros.', 'Spaven', 'Rays', '2022-09-08', '2022-11-19')
       , (114, 'fkaa', 'Duis mattis egestas metus.', 'Ogden', 'Karlowicz', '2022-10-01', '2022-09-22')
       , (17, 'fkaa', 'Integer non velit.', 'Magnar', 'Arr', '2022-07-17', '2022-12-23')
       , (60, 'fkaa', 'Nulla tellus.', 'McGrey', 'Howles', '2022-07-17', '2023-01-13')
       , (53, 'fkaa', 'Integer ac neque.', 'Hover', 'Pechet', '2023-01-22', '2022-12-09')
       , (89, 'fkaa', 'Proin leo odio, porttitor id, consequat in, consequat ut, nulla.', 'Farriar', 'Allawy', '2022-12-08', '2023-02-07')
       , (26, 'fkaa', 'Vestibulum quam sapien, varius ut, blandit non, interdum in, ante.', 'Ongin', 'Colrein', '2023-01-10', '2022-07-18')
       , (13, 'fkaa', 'Fusce posuere felis sed lacus.', 'Falco', 'Sargison', '2022-11-20', '2022-02-24')
       , (67, 'fkaa', 'Etiam faucibus cursus urna.', 'Muat', 'Blankenship', '2022-06-27', '2022-09-12')
       , (66, 'fkaa', 'Curabitur in libero ut massa volutpat convallis.', 'Hinkens', 'Laying', '2022-07-01', '2022-10-08')
       , (4, 'fkaa', 'Praesent id massa id nisl venenatis lacinia.', 'Brocklesby', 'Frostdyke', '2022-04-25', '2022-11-06')
       , (95, 'fkaa', 'Nulla mollis molestie lorem.', 'MacUchadair', 'Fills', '2022-11-05', '2022-08-15')
       , (100, 'fkaa', 'Etiam vel augue.', 'Mc Mechan', 'Dyas', '2022-08-18', '2022-06-26')
       , (22, 'fkaa', 'Duis consequat dui nec nisi volutpat eleifend.', 'Mousby', 'Huller', '2022-02-23', '2022-12-10')
       , (62, 'fkaa', 'Donec vitae nisi.', 'Collingworth', 'Riordan', '2022-09-29', '2022-04-23')
       , (122, 'fkaa', 'Maecenas rhoncus aliquam lacus.', 'Beasant', 'Arran', '2022-10-17', '2022-02-28')
       , (117, 'fkaa', 'Integer aliquet, massa id lobortis convallis, tortor risus dapibus augue, vel accumsan tellus nisi eu orci.', 'Chew', 'Cordsen', '2022-06-05', '2022-11-02')
       , (27, 'fkaa', 'Nulla mollis molestie lorem.', 'Heaney`', 'Mistry', '2022-06-24', '2022-09-13')
       , (84, 'fkaa', 'Aliquam quis turpis eget elit sodales scelerisque.', 'Binning', 'Nurny', '2022-11-08', '2022-12-23')
       , (58, 'fkaa', 'Vestibulum ante ipsum primis in faucibus orci luctus et ultrices posuere cubilia Curae; Mauris viverra diam vitae quam.', 'Bagby', 'Bailles', '2022-03-26', '2022-05-31')
       , (88, 'fkaa', 'Vestibulum ante ipsum primis in faucibus orci luctus et ultrices posuere cubilia Curae; Nulla dapibus dolor vel est.', 'Bullard', 'Freckingham', '2022-07-11', '2022-07-12')
       , (13, 'fkaa', 'Nam ultrices, libero non mattis pulvinar, nulla pede ullamcorper augue, a suscipit nulla elit ac nulla.', 'Derr', 'Insworth', '2023-02-22', '2022-04-30')
       , (122, 'fkaa', 'Donec ut mauris eget massa tempor convallis.', 'Perillo', 'Wray', '2022-04-25', '2022-07-29')
       , (74, 'fkaa', 'Cum sociis natoque penatibus et magnis dis parturient montes, nascetur ridiculus mus.', 'Pischoff', 'Lethbury', '2022-08-26', '2022-05-31')
       , (33, 'fkaa', 'Nulla mollis molestie lorem.', 'Haysham', 'Nast', '2022-12-01', '2023-01-24')
       , (114, 'fkaa', 'Praesent lectus.', 'Ledeker', 'Dunklee', '2022-08-03', '2022-06-21')
       , (43, 'fkaa', 'Proin eu mi.', 'Skeldon', 'Skerme', '2022-11-10', '2022-05-07')
       , (85, 'fkaa', 'Aenean fermentum.', 'Burland', 'Oliffe', '2022-10-15', '2023-02-07')
       , (20, 'fkaa', 'Nullam porttitor lacus at turpis.', 'Birtles', 'Vallentine', '2022-07-19', '2022-12-12')
       , (12, 'fkaa', 'In est risus, auctor sed, tristique in, tempus sit amet, sem.', 'Hazzard', 'Rabbatts', '2022-09-24', '2022-12-03')
       , (41, 'fkaa', 'Aliquam non mauris.', 'Feldhammer', 'Blagdon', '2022-08-31', '2022-05-25')
       , (46, 'fkaa', 'Vivamus metus arcu, adipiscing molestie, hendrerit at, vulputate vitae, nisl.', 'Kennermann', 'Karpenko', '2022-04-14', '2022-06-14')
       , (3, 'fkaa', 'Donec semper sapien a libero.', 'Whitty', 'Paolotto', '2022-12-09', '2022-11-02')
       , (26, 'fkaa', 'Vestibulum ante ipsum primis in faucibus orci luctus et ultrices posuere cubilia Curae; Donec pharetra, magna vestibulum aliquet ultrices, erat tortor sollicitudin mi, sit amet lobortis sapien sapien non mi.', 'Fishleigh', 'Colquhoun', '2022-05-29', '2022-07-26')
       , (85, 'fkaa', 'Nullam sit amet turpis elementum ligula vehicula consequat.', 'Headan', 'Leuren', '2022-03-16', '2022-12-13')
       , (2, 'fkaa', 'Cum sociis natoque penatibus et magnis dis parturient montes, nascetur ridiculus mus.', 'Doniso', 'Iredale', '2022-07-19', '2022-06-06')
       , (22, 'fkaa', 'Aenean auctor gravida sem.', 'O''Dowling', 'Beeton', '2023-01-27', '2022-12-07')
       , (18, 'fkaa', 'Praesent blandit lacinia erat.', 'Erley', 'Pegram', '2023-02-07', '2023-02-17')
       , (123, 'fkaa', 'Nam dui.', 'Crosier', 'Fumagall', '2022-11-01', '2022-06-25')
       , (37, 'fkaa', 'Morbi a ipsum.', 'Lahive', 'Reinbeck', '2022-04-11', '2023-02-01')
       , (87, 'fkaa', 'Lorem ipsum dolor sit amet, consectetuer adipiscing elit.', 'Klainman', 'Darkin', '2022-04-06', '2023-02-07')
       , (83, 'fkaa', 'Donec semper sapien a libero.', 'Pierson', 'Munt', '2022-04-07', '2022-05-17')
       , (120, 'fkaa', 'Nulla ac enim.', 'Alderton', 'Obern', '2022-07-31', '2022-10-05')
       , (7, 'fkaa', 'Cum sociis natoque penatibus et magnis dis parturient montes, nascetur ridiculus mus.', 'Clelle', 'McAviy', '2022-07-24', '2022-07-25')
       , (4, 'fkaa', 'Aliquam non mauris.', 'Timblett', 'Loalday', '2022-10-26', '2022-05-12')
       , (9, 'fkaa', 'Cras non velit nec nisi vulputate nonummy.', 'Muge', 'Colebourne', '2023-02-14', '2022-05-15')
       , (88, 'fkaa', 'Nulla ut erat id mauris vulputate elementum.', 'Bohling', 'O''Malley', '2023-02-09', '2022-12-05')
       , (73, 'fkaa', 'Vestibulum quam sapien, varius ut, blandit non, interdum in, ante.', 'Sobtka', 'Huot', '2022-08-01', '2022-10-23')
       , (84, 'fkaa', 'Donec posuere metus vitae ipsum.', 'Boyne', 'Sliney', '2022-04-12', '2022-08-24')
       , (65, 'fkaa', 'Nam congue, risus semper porta volutpat, quam pede lobortis ligula, sit amet eleifend pede libero quis orci.', 'Shiliton', 'MacDougal', '2023-02-05', '2022-11-07')
       , (106, 'fkaa', 'Duis mattis egestas metus.', 'Nevin', 'Colecrough', '2022-08-22', '2022-08-20')
       , (3, 'fkaa', 'Nam nulla.', 'Handscombe', 'Woodcraft', '2022-10-09', '2022-08-17')
       , (13, 'fkaa', 'Quisque porta volutpat erat.', 'Norkett', 'Greson', '2022-09-01', '2022-07-01')
       , (51, 'fkaa', 'Duis at velit eu est congue elementum.', 'Pirdy', 'Salvador', '2022-10-02', '2022-08-11')
       , (46, 'fkaa', 'Curabitur convallis.', 'Nugent', 'Meni', '2022-09-08', '2023-01-24')
       , (64, 'fkaa', 'Morbi ut odio.', 'Maydway', 'Filipson', '2022-09-30', '2023-01-09')
       , (115, 'fkaa', 'In quis justo.', 'Antczak', 'Pennacci', '2022-09-07', '2023-01-17')
       , (105, 'fkaa', 'Vivamus in felis eu sapien cursus vestibulum.', 'Hattam', 'Timothy', '2022-09-07', '2022-11-21')
       , (119, 'fkaa', 'Maecenas tincidunt lacus at velit.', 'Crix', 'Baulch', '2023-02-10', '2022-07-30')
       , (13, 'fkaa', 'Sed ante.', 'Trematick', 'Sawyers', '2022-09-11', '2022-05-25')
       , (1, 'fkaa', 'Etiam pretium iaculis justo.', 'Moger', 'Frearson', '2022-08-03', '2022-07-29')
       , (123, 'fkaa', 'Nullam porttitor lacus at turpis.', 'Sear', 'Diable', '2022-04-06', '2022-03-10')
       , (40, 'fkaa', 'In est risus, auctor sed, tristique in, tempus sit amet, sem.', 'Hercules', 'Salandino', '2022-06-24', '2022-06-15')
       , (89, 'fkaa', 'Aliquam quis turpis eget elit sodales scelerisque.', 'Aldin', 'Barnwell', '2022-08-24', '2022-11-08')
       , (93, 'fkaa', 'Mauris sit amet eros.', 'Diehn', 'Yalden', '2023-01-08', '2022-09-21')
       , (56, 'fkaa', 'Pellentesque eget nunc.', 'Shelbourne', 'Bonelle', '2022-07-23', '2022-12-17')
       , (78, 'fkaa', 'Nullam orci pede, venenatis non, sodales sed, tincidunt eu, felis.', 'Yacobsohn', 'Robben', '2022-07-26', '2022-12-31')
       , (64, 'fkaa', 'Nulla tempus.', 'Trythall', 'Lasham', '2022-05-29', '2023-01-29')
       , (33, 'fkaa', 'Donec posuere metus vitae ipsum.', 'Seamans', 'Fer', '2022-03-20', '2022-12-01')
       , (21, 'fkaa', 'Morbi quis tortor id nulla ultrices aliquet.', 'Esbrook', 'Bengall', '2022-08-14', '2022-09-29')
       , (60, 'fkaa', 'Vestibulum ante ipsum primis in faucibus orci luctus et ultrices posuere cubilia Curae; Duis faucibus accumsan odio.', 'Avraam', 'Horsfield', '2022-03-14', '2022-08-09')
       , (109, 'fkaa', 'Vivamus vel nulla eget eros elementum pellentesque.', 'Fishleigh', 'Pollett', '2022-04-27', '2022-12-02')
       , (98, 'fkaa', 'Fusce congue, diam id ornare imperdiet, sapien urna pretium nisl, ut volutpat sapien arcu sed augue.', 'Lasslett', 'Drees', '2023-01-20', '2022-05-15')
       , (92, 'fkaa', 'Suspendisse potenti.', 'Coslett', 'Roeby', '2022-03-26', '2022-10-17')
       , (121, 'fkaa', 'Proin risus.', 'McGinlay', 'Brilleman', '2022-12-15', '2022-07-06')
       , (1, 'fkaa', 'Nam nulla.', 'Klassman', 'Peyto', '2022-05-20', '2023-01-01')
       , (45, 'fkaa', 'Curabitur gravida nisi at nibh.', 'Poulett', 'McCawley', '2022-07-21', '2022-03-19')
       , (72, 'fkaa', 'Vestibulum ante ipsum primis in faucibus orci luctus et ultrices posuere cubilia Curae; Donec pharetra, magna vestibulum aliquet ultrices, erat tortor sollicitudin mi, sit amet lobortis sapien sapien non mi.', 'Kumaar', 'Gaishson', '2022-06-18', '2022-07-27')
       , (9, 'fkaa', 'Aliquam non mauris.', 'Thiese', 'Ettritch', '2022-12-05', '2022-11-21')
       , (40, 'fkaa', 'Etiam pretium iaculis justo.', 'Clemo', 'L'' Anglois', '2022-11-07', '2022-07-24')
       , (107, 'fkaa', 'Duis bibendum.', 'Cufflin', 'Laverock', '2022-11-01', '2022-08-19')
       , (111, 'fkaa', 'Morbi vestibulum, velit id pretium iaculis, diam erat fermentum justo, nec condimentum neque sapien placerat ante.', 'Backe', 'Brunotti', '2022-07-08', '2022-03-31')
       , (119, 'fkaa', 'Nulla ac enim.', 'Duguid', 'McAnellye', '2022-04-14', '2022-09-19')
       , (56, 'fkaa', 'Proin leo odio, porttitor id, consequat in, consequat ut, nulla.', 'Dunsmore', 'Blazeby', '2023-01-08', '2022-08-26')
       , (107, 'fkaa', 'Morbi ut odio.', 'Dunkerley', 'Harness', '2022-05-29', '2022-06-13')
       , (101, 'fkaa', 'Morbi non quam nec dui luctus rutrum.', 'Teacy', 'Stannard', '2023-01-08', '2022-12-28')
       , (27, 'fkaa', 'Mauris sit amet eros.', 'Laxe', 'Freckingham', '2023-02-18', '2022-09-06')
       , (118, 'fkaa', 'Integer ac neque.', 'Bosanko', 'Espinoza', '2022-06-12', '2022-08-07')
       , (46, 'fkaa', 'Morbi a ipsum.', 'Hunn', 'Benitez', '2022-12-16', '2022-07-22')
       , (84, 'fkaa', 'Aenean sit amet justo.', 'Volette', 'Seymer', '2023-02-05', '2022-03-04')
       , (106, 'fkaa', 'In hac habitasse platea dictumst.', 'Hubert', 'Speed', '2022-06-12', '2022-09-21')
       , (14, 'fkaa', 'Vestibulum sed magna at nunc commodo placerat.', 'Pavis', 'Fouldes', '2022-05-11', '2022-06-06')
       , (52, 'fkaa', 'Donec dapibus.', 'Averill', 'Murphy', '2022-04-06', '2022-11-30')
       , (55, 'fkaa', 'Quisque porta volutpat erat.', 'Delooze', 'Christensen', '2022-11-08', '2022-06-20')
       , (57, 'fkaa', 'Phasellus id sapien in sapien iaculis congue.', 'Curran', 'Vobes', '2022-07-14', '2022-07-13')
       , (104, 'fkaa', 'Aliquam non mauris.', 'O''Connell', 'Byford', '2022-08-31', '2022-04-21')
       , (107, 'fkaa', 'Quisque arcu libero, rutrum ac, lobortis vel, dapibus at, diam.', 'Wallenger', 'Baccup', '2022-02-25', '2022-07-28')
       , (119, 'fkaa', 'Donec odio justo, sollicitudin ut, suscipit a, feugiat et, eros.', 'Collinette', 'Haddeston', '2022-10-12', '2022-04-06')
       , (3, 'fkaa', 'Nulla tellus.', 'Denisot', 'Gheorghie', '2022-11-06', '2022-02-28')
       , (57, 'fkaa', 'Proin eu mi.', 'Sodor', 'Bernardini', '2022-10-26', '2022-05-24')
       , (42, 'fkaa', 'Aliquam quis turpis eget elit sodales scelerisque.', 'Tregona', 'Burdikin', '2022-03-29', '2023-02-04')
       , (14, 'fkaa', 'Etiam justo.', 'Menichino', 'Woolmington', '2022-06-21', '2022-07-06')
       , (44, 'fkaa', 'Vivamus tortor.', 'Vigus', 'Tolworth', '2022-08-17', '2022-06-30')
       , (108, 'fkaa', 'Sed vel enim sit amet nunc viverra dapibus.', 'Smedmore', 'Annakin', '2022-06-12', '2022-09-27')
       , (23, 'fkaa', 'Donec semper sapien a libero.', 'Feake', 'Conlon', '2022-03-11', '2022-05-26')
       , (92, 'fkaa', 'Vestibulum ac est lacinia nisi venenatis tristique.', 'Brend', 'Rowlson', '2022-12-19', '2022-08-23')
       , (117, 'fkaa', 'Duis bibendum.', 'Blenkinsopp', 'Pawnsford', '2022-04-08', '2023-02-22')
       , (109, 'fkaa', 'Nunc rhoncus dui vel sem.', 'Eouzan', 'Sowten', '2022-09-06', '2022-11-02')
       , (39, 'fkaa', 'Maecenas rhoncus aliquam lacus.', 'Malshinger', 'Albasini', '2023-01-02', '2022-09-17')
       , (33, 'fkaa', 'Quisque arcu libero, rutrum ac, lobortis vel, dapibus at, diam.', 'Marchenko', 'MacKenney', '2022-04-17', '2022-02-26')
       , (123, 'fkaa', 'Suspendisse accumsan tortor quis turpis.', 'Gairdner', 'Ironmonger', '2022-08-06', '2022-11-07')
       , (100, 'fkaa', 'Morbi vel lectus in quam fringilla rhoncus.', 'Nicholas', 'Murdoch', '2022-07-08', '2022-04-02')
       , (79, 'fkaa', 'Nulla nisl.', 'Le Huquet', 'Spensly', '2023-01-07', '2022-09-22')
       , (13, 'fkaa', 'In hac habitasse platea dictumst.', 'Birdseye', 'Pearn', '2022-10-31', '2022-04-25')
       , (99, 'fkaa', 'Vestibulum ante ipsum primis in faucibus orci luctus et ultrices posuere cubilia Curae; Nulla dapibus dolor vel est.', 'Spore', 'Hardington', '2022-09-19', '2022-10-14')
       , (58, 'fkaa', 'Cras pellentesque volutpat dui.', 'Gallemore', 'Pavia', '2022-10-06', '2022-03-16')
       , (78, 'fkaa', 'Vestibulum ante ipsum primis in faucibus orci luctus et ultrices posuere cubilia Curae; Mauris viverra diam vitae quam.', 'Schoolcroft', 'Normanville', '2022-12-22', '2022-12-11')
       , (90, 'fkaa', 'Maecenas tincidunt lacus at velit.', 'Jost', 'Gosneye', '2022-08-19', '2022-03-14')
       , (123, 'fkaa', 'Quisque porta volutpat erat.', 'Tilliards', 'Hussell', '2022-11-17', '2023-01-21')
       , (2, 'fkaa', 'Donec ut dolor.', 'Swatton', 'Lynthal', '2023-01-17', '2022-04-07')
       , (123, 'fkaa', 'Fusce lacus purus, aliquet at, feugiat non, pretium quis, lectus.', 'Morfell', 'Sparhawk', '2022-12-04', '2023-02-12')
       , (10, 'fkaa', 'Curabitur convallis.', 'Bazeley', 'Binnie', '2022-12-13', '2022-12-01')
       , (112, 'fkaa', 'Fusce posuere felis sed lacus.', 'Le Prevost', 'Connar', '2022-06-02', '2022-03-30')
       , (123, 'fkaa', 'Nulla tellus.', 'Patterfield', 'Geerdts', '2022-08-09', '2023-01-24')
       , (6, 'fkaa', 'In eleifend quam a odio.', 'Mannooch', 'Tongs', '2023-01-27', '2022-07-13')
       , (20, 'fkaa', 'Sed accumsan felis.', 'Daverin', 'Runsey', '2022-12-23', '2022-05-10')
       , (11, 'fkaa', 'Duis consequat dui nec nisi volutpat eleifend.', 'MacDermand', 'Zoppie', '2022-06-04', '2022-07-20')
       , (52, 'fkaa', 'Cras pellentesque volutpat dui.', 'Temperton', 'Verzey', '2023-01-09', '2023-02-07')
       , (117, 'fkaa', 'Quisque id justo sit amet sapien dignissim vestibulum.', 'Helling', 'Edworthie', '2023-01-07', '2022-12-06')
       , (77, 'fkaa', 'Aliquam augue quam, sollicitudin vitae, consectetuer eget, rutrum at, lorem.', 'Espadater', 'Heditch', '2022-03-05', '2023-01-03')
       , (73, 'fkaa', 'Morbi non quam nec dui luctus rutrum.', 'Hook', 'Drowsfield', '2023-01-03', '2022-10-23')
       , (80, 'fkaa', 'Maecenas leo odio, condimentum id, luctus nec, molestie sed, justo.', 'Welfair', 'Navarro', '2022-12-21', '2022-06-09')
       , (5, 'fkaa', 'Cras non velit nec nisi vulputate nonummy.', 'Broxap', 'Dautry', '2022-10-19', '2022-11-01')
       , (81, 'fkaa', 'Duis bibendum.', 'Higginbottam', 'Cardon', '2022-10-13', '2022-10-12')
       , (18, 'fkaa', 'Nulla justo.', 'Ranken', 'Guage', '2022-11-28', '2023-01-09')
       , (36, 'fkaa', 'Nullam orci pede, venenatis non, sodales sed, tincidunt eu, felis.', 'Darnborough', 'Denness', '2022-10-04', '2022-06-20')
       , (45, 'fkaa', 'Vestibulum ante ipsum primis in faucibus orci luctus et ultrices posuere cubilia Curae; Duis faucibus accumsan odio.', 'Tate', 'Covely', '2022-10-10', '2022-09-11')
       , (74, 'fkaa', 'Nunc rhoncus dui vel sem.', 'Sambiedge', 'Hansman', '2022-12-20', '2022-06-10')
       , (113, 'fkaa', 'Nunc nisl.', 'Jacmard', 'Southwell', '2022-02-26', '2022-11-19')
       , (5, 'fkaa', 'Maecenas tincidunt lacus at velit.', 'Riggott', 'Rechert', '2022-08-03', '2022-07-17')
       , (55, 'fkaa', 'Vestibulum ante ipsum primis in faucibus orci luctus et ultrices posuere cubilia Curae; Mauris viverra diam vitae quam.', 'Lomath', 'Creavan', '2022-11-02', '2022-10-02')
       , (7, 'fkaa', 'Nulla ac enim.', 'Sandercroft', 'Dewing', '2022-06-03', '2022-09-11')
       , (67, 'fkaa', 'Etiam pretium iaculis justo.', 'Sedgefield', 'Grain', '2022-04-27', '2022-04-24')
       , (105, 'fkaa', 'Nulla suscipit ligula in lacus.', 'Dowdall', 'Sewter', '2022-06-16', '2022-12-01')
       , (98, 'fkaa', 'Duis ac nibh.', 'Littlemore', 'Gerardi', '2022-10-05', '2022-10-05')
       , (12, 'fkaa', 'Pellentesque ultrices mattis odio.', 'Bonniface', 'Labin', '2022-04-19', '2022-12-15')
       , (107, 'fkaa', 'Integer non velit.', 'Firby', 'Bampford', '2022-07-19', '2022-07-28')
       , (97, 'fkaa', 'Mauris ullamcorper purus sit amet nulla.', 'Coull', 'Petris', '2022-05-10', '2022-04-06')
       , (30, 'fkaa', 'Integer tincidunt ante vel ipsum.', 'Cranefield', 'Fredi', '2023-02-13', '2022-11-12')
       , (11, 'fkaa', 'In tempor, turpis nec euismod scelerisque, quam turpis adipiscing lorem, vitae mattis nibh ligula nec sem.', 'Killby', 'Southerden', '2023-01-04', '2022-09-07')
       , (120, 'fkaa', 'Duis aliquam convallis nunc.', 'Lenham', 'Tuffs', '2022-09-28', '2022-06-10')
       , (3, 'fkaa', 'Aenean lectus.', 'Preator', 'Tomasutti', '2022-10-18', '2022-05-11')
       , (20, 'fkaa', 'Fusce posuere felis sed lacus.', 'Lonie', 'Punter', '2022-07-30', '2022-10-03')
       , (93, 'fkaa', 'Nullam porttitor lacus at turpis.', 'Carik', 'O''Carroll', '2022-04-06', '2022-12-06')
       , (85, 'fkaa', 'Maecenas leo odio, condimentum id, luctus nec, molestie sed, justo.', 'Beste', 'Pavkovic', '2023-01-02', '2022-03-10')
       , (48, 'fkaa', 'Duis ac nibh.', 'Stanyforth', 'McIlvoray', '2022-07-03', '2022-07-14')
       , (50, 'fkaa', 'Integer ac neque.', 'Mecchi', 'Caulton', '2023-01-27', '2022-10-27')
       , (92, 'fkaa', 'In tempor, turpis nec euismod scelerisque, quam turpis adipiscing lorem, vitae mattis nibh ligula nec sem.', 'Griniov', 'Seemmonds', '2022-04-22', '2022-10-23')
       , (37, 'fkaa', 'Donec odio justo, sollicitudin ut, suscipit a, feugiat et, eros.', 'Davidsen', 'Coomes', '2022-09-30', '2022-09-18')
       , (40, 'fkaa', 'Integer pede justo, lacinia eget, tincidunt eget, tempus vel, pede.', 'Bryce', 'Figgess', '2022-09-14', '2022-12-04')
       , (18, 'fkaa', 'Mauris enim leo, rhoncus sed, vestibulum sit amet, cursus id, turpis.', 'Cassy', 'Skegg', '2022-12-26', '2022-04-05')
       , (11, 'fkaa', 'In hac habitasse platea dictumst.', 'Greason', 'Ravenhills', '2022-07-06', '2022-05-20')
       , (51, 'fkaa', 'Duis mattis egestas metus.', 'Papen', 'Biagioni', '2022-03-25', '2022-08-29')
       , (122, 'fkaa', 'Morbi non quam nec dui luctus rutrum.', 'O'' Reagan', 'Baress', '2022-07-15', '2022-07-02')
       , (114, 'fkaa', 'Cras non velit nec nisi vulputate nonummy.', 'Picford', 'Foster', '2022-10-24', '2022-04-10')
       , (106, 'fkaa', 'Aliquam non mauris.', 'Willimot', 'Dumphrey', '2022-05-01', '2022-07-20')
       , (80, 'fkaa', 'Maecenas tincidunt lacus at velit.', 'Ould', 'Upex', '2022-04-13', '2023-01-14')
       , (99, 'fkaa', 'Suspendisse accumsan tortor quis turpis.', 'Whetnell', 'Todaro', '2022-02-25', '2022-12-19')
       , (34, 'fkaa', 'Donec semper sapien a libero.', 'Carlone', 'Nockells', '2022-12-20', '2023-01-03')
       , (102, 'fkaa', 'Morbi non lectus.', 'Twelves', 'Reck', '2022-06-02', '2022-11-25')
       , (110, 'fkaa', 'In est risus, auctor sed, tristique in, tempus sit amet, sem.', 'Ricardin', 'Timberlake', '2022-05-07', '2022-11-27')
       , (33, 'fkaa', 'Vivamus tortor.', 'Cornier', 'Tanswell', '2022-09-15', '2022-08-07')
       , (53, 'fkaa', 'Sed accumsan felis.', 'Pighills', 'Larenson', '2022-12-16', '2022-10-07')
       , (61, 'fkaa', 'Phasellus id sapien in sapien iaculis congue.', 'Ashling', 'Hewes', '2022-08-24', '2022-07-11')
       , (57, 'fkaa', 'Aliquam augue quam, sollicitudin vitae, consectetuer eget, rutrum at, lorem.', 'Menicomb', 'Symmons', '2022-07-02', '2022-05-17')
       , (109, 'fkaa', 'Fusce posuere felis sed lacus.', 'Alexsandrowicz', 'Niessen', '2022-03-14', '2022-05-21')
       , (93, 'fkaa', 'Donec quis orci eget orci vehicula condimentum.', 'Lake', 'McGarrity', '2022-08-16', '2023-02-21')
       , (68, 'fkaa', 'Fusce congue, diam id ornare imperdiet, sapien urna pretium nisl, ut volutpat sapien arcu sed augue.', 'Cornelisse', 'O''Quin', '2022-07-20', '2022-06-28')
       , (74, 'fkaa', 'Nulla ut erat id mauris vulputate elementum.', 'Doding', 'Cantle', '2022-08-20', '2022-10-27')
       , (117, 'fkaa', 'Proin eu mi.', 'Pringell', 'Michallat', '2022-09-29', '2022-09-08')
       , (104, 'fkaa', 'Vestibulum ante ipsum primis in faucibus orci luctus et ultrices posuere cubilia Curae; Nulla dapibus dolor vel est.', 'Myderscough', 'Rosenstein', '2022-09-06', '2022-08-08')
       , (9, 'fkaa', 'In sagittis dui vel nisl.', 'Sheere', 'Grigoire', '2023-01-30', '2023-01-02')
       , (5, 'fkaa', 'Etiam vel augue.', 'Hayesman', 'Gurney', '2022-07-15', '2023-02-21')
       , (13, 'fkaa', 'Pellentesque at nulla.', 'Warrick', 'Fender', '2022-05-11', '2022-04-03')
       , (55, 'fkaa', 'Pellentesque viverra pede ac diam.', 'O''Hingerty', 'Yuille', '2022-05-09', '2022-04-20')
       , (63, 'fkaa', 'Curabitur convallis.', 'Kauffman', 'O''Neal', '2023-01-26', '2022-03-31')
       , (123, 'fkaa', 'Proin eu mi.', 'Kuschke', 'Sawyers', '2022-05-11', '2022-12-19')
       , (67, 'fkaa', 'Quisque ut erat.', 'Cairns', 'Just', '2022-12-16', '2022-10-29')
       , (28, 'fkaa', 'Curabitur convallis.', 'Gammons', 'Quinn', '2023-01-21', '2023-02-20')
       , (112, 'fkaa', 'Morbi odio odio, elementum eu, interdum eu, tincidunt in, leo.', 'Daudray', 'Kivelle', '2022-10-13', '2022-02-28')
       , (33, 'fkaa', 'Ut tellus.', 'Duffree', 'Dumberrill', '2022-12-26', '2022-12-12')
       , (45, 'fkaa', 'Ut at dolor quis odio consequat varius.', 'Quidenham', 'Atto', '2022-03-13', '2022-11-02')
       , (96, 'fkaa', 'Nulla suscipit ligula in lacus.', 'Storry', 'Royds', '2022-07-20', '2022-07-27')
       , (1, 'fkaa', 'Proin leo odio, porttitor id, consequat in, consequat ut, nulla.', 'L''Archer', 'Cranidge', '2023-02-07', '2022-02-27')
       , (64, 'fkaa', 'Duis consequat dui nec nisi volutpat eleifend.', 'Maylott', 'Vear', '2022-06-14', '2022-12-01')
       , (103, 'fkaa', 'Vestibulum ante ipsum primis in faucibus orci luctus et ultrices posuere cubilia Curae; Nulla dapibus dolor vel est.', 'Keepence', 'Spencley', '2022-12-31', '2022-07-18')
       , (26, 'fkaa', 'In eleifend quam a odio.', 'Whapple', 'McCarl', '2022-05-10', '2022-02-23')
       , (76, 'fkaa', 'Maecenas tincidunt lacus at velit.', 'Liquorish', 'Torrese', '2022-05-06', '2022-08-18')
       , (56, 'fkaa', 'Etiam faucibus cursus urna.', 'Labuschagne', 'Oldnall', '2022-07-26', '2022-11-15')
       , (3, 'fkaa', 'Vestibulum sed magna at nunc commodo placerat.', 'Goudie', 'Athelstan', '2023-02-22', '2022-12-26')
       , (92, 'fkaa', 'Curabitur gravida nisi at nibh.', 'Durrad', 'Hazley', '2022-09-15', '2022-06-07')
       , (91, 'fkaa', 'Etiam justo.', 'Kabisch', 'Mary', '2022-03-20', '2022-03-13')
       , (101, 'fkaa', 'In hac habitasse platea dictumst.', 'Orrill', 'Nevitt', '2022-06-09', '2022-06-25')
       , (58, 'fkaa', 'Integer ac neque.', 'Stickens', 'Di Giacomettino', '2022-03-03', '2022-03-18')
       , (15, 'fkaa', 'In eleifend quam a odio.', 'Gostridge', 'Vaszoly', '2022-05-16', '2023-02-19')
       , (115, 'fkaa', 'In hac habitasse platea dictumst.', 'Binyon', 'Seckington', '2022-05-09', '2022-06-30')
       , (120, 'fkaa', 'Praesent id massa id nisl venenatis lacinia.', 'Archbold', 'Baumler', '2023-01-21', '2022-07-10')
       , (105, 'fkaa', 'Praesent lectus.', 'Leeburn', 'Fogden', '2022-05-09', '2022-12-03')
       , (41, 'fkaa', 'Proin at turpis a pede posuere nonummy.', 'Castles', 'Ossipenko', '2022-10-13', '2022-06-17')
       , (36, 'fkaa', 'Suspendisse accumsan tortor quis turpis.', 'Grelak', 'Ellwand', '2022-08-12', '2022-07-19')
       , (100, 'fkaa', 'Proin at turpis a pede posuere nonummy.', 'Trevino', 'Dainton', '2022-10-14', '2022-06-12')
       , (80, 'fkaa', 'Mauris ullamcorper purus sit amet nulla.', 'Borland', 'Maliphant', '2022-04-29', '2022-05-23')
       , (66, 'fkaa', 'Duis mattis egestas metus.', 'Kingaby', 'Stickney', '2023-02-15', '2022-08-12')
       , (42, 'fkaa', 'Morbi odio odio, elementum eu, interdum eu, tincidunt in, leo.', 'Satch', 'Kingsford', '2022-11-26', '2022-04-12')
       , (31, 'fkaa', 'Vestibulum ante ipsum primis in faucibus orci luctus et ultrices posuere cubilia Curae; Mauris viverra diam vitae quam.', 'Duling', 'Ghioni', '2022-08-26', '2022-05-14')
       , (44, 'fkaa', 'Phasellus id sapien in sapien iaculis congue.', 'Delnevo', 'Torfin', '2022-12-18', '2022-04-01')
       , (111, 'fkaa', 'Cum sociis natoque penatibus et magnis dis parturient montes, nascetur ridiculus mus.', 'Dines', 'Horburgh', '2022-05-24', '2022-05-29')
       , (107, 'fkaa', 'Nulla mollis molestie lorem.', 'Fuidge', 'Mcwhinney', '2022-07-09', '2022-12-01')
       , (24, 'fkaa', 'Pellentesque at nulla.', 'Brolechan', 'Tate', '2022-11-01', '2022-08-04')
       , (91, 'fkaa', 'Donec ut dolor.', 'Aimson', 'Pinor', '2022-11-19', '2022-04-15')
       , (5, 'fkaa', 'Morbi ut odio.', 'Owtram', 'Westmarland', '2022-04-04', '2022-06-19')
       , (29, 'fkaa', 'Phasellus id sapien in sapien iaculis congue.', 'Huckfield', 'Learned', '2022-09-18', '2022-05-16')
       , (3, 'fkaa', 'Nulla ac enim.', 'Farleigh', 'Lipp', '2022-04-16', '2023-02-17')
       , (74, 'fkaa', 'In hac habitasse platea dictumst.', 'Durdy', 'Legate', '2022-04-26', '2022-09-10')
       , (16, 'fkaa', 'Nulla suscipit ligula in lacus.', 'Christauffour', 'Amburgy', '2022-06-28', '2022-03-26')
       , (105, 'fkaa', 'Donec vitae nisi.', 'Dallimore', 'Rowaszkiewicz', '2022-12-24', '2022-04-01')
       , (20, 'fkaa', 'Nam tristique tortor eu pede.', 'Twiddell', 'Murrum', '2022-07-23', '2022-08-27')
       , (82, 'fkaa', 'Nulla tempus.', 'Di Nisco', 'Canizares', '2022-08-28', '2022-03-27')
       , (111, 'fkaa', 'Maecenas rhoncus aliquam lacus.', 'Eccleston', 'Pfertner', '2022-11-12', '2022-07-11')
       , (118, 'fkaa', 'Integer pede justo, lacinia eget, tincidunt eget, tempus vel, pede.', 'Shelp', 'Kellard', '2022-11-03', '2022-06-24')
       , (92, 'fkaa', 'Cum sociis natoque penatibus et magnis dis parturient montes, nascetur ridiculus mus.', 'Qualtro', 'Spridgen', '2022-05-18', '2022-06-14')
       , (39, 'fkaa', 'Aenean auctor gravida sem.', 'Wimpeney', 'Heinke', '2023-02-10', '2022-09-13')
       , (118, 'fkaa', 'Nam nulla.', 'Stockman', 'Roswarne', '2022-08-10', '2022-05-06')
       , (26, 'fkaa', 'Vestibulum rutrum rutrum neque.', 'Fessler', 'Turbitt', '2023-01-21', '2022-07-28')
       , (53, 'fkaa', 'In hac habitasse platea dictumst.', 'Wrathall', 'Tollet', '2022-10-02', '2022-11-09')
       , (85, 'fkaa', 'Maecenas tincidunt lacus at velit.', 'Grinyakin', 'Rummins', '2022-12-05', '2023-01-12')
       , (117, 'fkaa', 'Donec quis orci eget orci vehicula condimentum.', 'Fitchen', 'Tetley', '2023-02-02', '2022-04-13')
       , (62, 'fkaa', 'Integer ac neque.', 'Dillimore', 'Crennell', '2022-10-23', '2022-05-07')
       , (57, 'fkaa', 'Aliquam erat volutpat.', 'Heasly', 'Studart', '2022-12-09', '2022-11-10')
       , (14, 'fkaa', 'Vestibulum ante ipsum primis in faucibus orci luctus et ultrices posuere cubilia Curae; Donec pharetra, magna vestibulum aliquet ultrices, erat tortor sollicitudin mi, sit amet lobortis sapien sapien non mi.', 'Hansel', 'Hugnin', '2022-03-13', '2022-08-18')
       , (4, 'fkaa', 'Praesent lectus.', 'Matthiae', 'Van Niekerk', '2022-03-20', '2022-07-22')
       , (73, 'fkaa', 'Vestibulum ac est lacinia nisi venenatis tristique.', 'Mayell', 'Adamides', '2022-11-10', '2022-11-04')
       , (103, 'fkaa', 'Quisque id justo sit amet sapien dignissim vestibulum.', 'Wank', 'Wiltsher', '2022-11-03', '2022-04-22')
       , (77, 'fkaa', 'In hac habitasse platea dictumst.', 'Carnie', 'Fairey', '2022-09-08', '2022-08-20')
       , (48, 'fkaa', 'Nam dui.', 'Reede', 'Spillett', '2022-07-24', '2023-01-15')
       , (30, 'fkaa', 'Pellentesque eget nunc.', 'Ettery', 'Bidnall', '2022-11-09', '2022-12-27')
       , (91, 'fkaa', 'Ut at dolor quis odio consequat varius.', 'Knapton', 'Piff', '2023-01-09', '2023-02-08')
       , (51, 'fkaa', 'Maecenas leo odio, condimentum id, luctus nec, molestie sed, justo.', 'Drought', 'Fishlock', '2022-11-29', '2022-03-16')
       , (110, 'fkaa', 'Aliquam erat volutpat.', 'Lawee', 'Alger', '2022-12-13', '2022-11-28')
       , (10, 'fkaa', 'Quisque erat eros, viverra eget, congue eget, semper rutrum, nulla.', 'Redhills', 'Bilton', '2022-12-20', '2022-10-27')
       , (101, 'fkaa', 'Mauris lacinia sapien quis libero.', 'Frohock', 'Briars', '2023-02-22', '2022-10-23')
       , (112, 'fkaa', 'Maecenas rhoncus aliquam lacus.', 'Volant', 'Tilbrook', '2022-05-23', '2023-01-07')
       , (85, 'fkaa', 'Maecenas tristique, est et tempus semper, est quam pharetra magna, ac consequat metus sapien ut nunc.', 'Southwick', 'Muirhead', '2023-02-19', '2022-07-31')
       , (12, 'fkaa', 'In congue.', 'Taillant', 'Brenstuhl', '2022-04-13', '2022-04-27')
       , (13, 'fkaa', 'In blandit ultrices enim.', 'Muzzall', 'Najara', '2022-12-08', '2022-11-15')
       , (101, 'fkaa', 'Nullam porttitor lacus at turpis.', 'Dressel', 'Libbe', '2022-05-12', '2022-05-22')
       , (85, 'fkaa', 'In tempor, turpis nec euismod scelerisque, quam turpis adipiscing lorem, vitae mattis nibh ligula nec sem.', 'Groucutt', 'Binnall', '2022-04-27', '2023-01-06')
       , (92, 'fkaa', 'Cum sociis natoque penatibus et magnis dis parturient montes, nascetur ridiculus mus.', 'Nuzzetti', 'Farnorth', '2022-12-23', '2023-02-16')
       , (104, 'fkaa', 'Maecenas tincidunt lacus at velit.', 'Fayre', 'Driffield', '2022-03-01', '2022-07-01')
       , (93, 'fkaa', 'Suspendisse accumsan tortor quis turpis.', 'Oxherd', 'Arnaudot', '2022-04-02', '2022-05-07')
       , (97, 'fkaa', 'Vivamus vel nulla eget eros elementum pellentesque.', 'Stringer', 'Jillions', '2022-10-11', '2022-05-23')
       , (44, 'fkaa', 'Quisque erat eros, viverra eget, congue eget, semper rutrum, nulla.', 'Atyeo', 'Clarae', '2022-10-21', '2022-12-19')
       , (13, 'fkaa', 'Nulla justo.', 'Inder', 'Broadist', '2023-01-28', '2023-01-22')
       , (115, 'fkaa', 'Nullam molestie nibh in lectus.', 'Tomblings', 'Raubenheim', '2022-11-04', '2022-10-23')
       , (56, 'fkaa', 'Vestibulum ante ipsum primis in faucibus orci luctus et ultrices posuere cubilia Curae; Nulla dapibus dolor vel est.', 'Denisot', 'Adami', '2022-10-22', '2023-01-25')
       , (28, 'fkaa', 'Donec vitae nisi.', 'Maidlow', 'Sousa', '2022-06-06', '2022-07-03')
       , (14, 'fkaa', 'Mauris enim leo, rhoncus sed, vestibulum sit amet, cursus id, turpis.', 'Menci', 'Leijs', '2022-06-03', '2023-02-11')
       , (88, 'fkaa', 'Proin interdum mauris non ligula pellentesque ultrices.', 'Alkins', 'Thorlby', '2022-08-28', '2022-10-30')
       , (70, 'fkaa', 'Integer tincidunt ante vel ipsum.', 'Renish', 'Moakes', '2022-07-08', '2022-03-30')
       , (38, 'fkaa', 'Pellentesque viverra pede ac diam.', 'Janousek', 'Liccardo', '2022-06-30', '2022-04-10')
       , (111, 'fkaa', 'Donec odio justo, sollicitudin ut, suscipit a, feugiat et, eros.', 'Sangar', 'Soggee', '2022-08-28', '2022-10-12')
       , (104, 'fkaa', 'Mauris lacinia sapien quis libero.', 'De Fraine', 'Huson', '2022-03-27', '2022-05-24')
       , (117, 'fkaa', 'Proin eu mi.', 'Matelaitis', 'Thorndycraft', '2023-01-19', '2022-10-31')
       , (61, 'fkaa', 'Morbi porttitor lorem id ligula.', 'Mandre', 'Alwen', '2022-07-27', '2022-09-23')
       , (122, 'fkaa', 'Vestibulum rutrum rutrum neque.', 'Radborne', 'Runciman', '2022-04-22', '2022-09-06')
       , (12, 'fkaa', 'Duis ac nibh.', 'Jahner', 'O''Leary', '2022-04-27', '2022-11-21')
       , (82, 'fkaa', 'Nulla justo.', 'Starbeck', 'Uvedale', '2022-04-01', '2022-10-27')
       , (54, 'fkaa', 'Curabitur gravida nisi at nibh.', 'Janny', 'Blaney', '2022-09-11', '2022-08-16')
       , (44, 'fkaa', 'Vestibulum ante ipsum primis in faucibus orci luctus et ultrices posuere cubilia Curae; Donec pharetra, magna vestibulum aliquet ultrices, erat tortor sollicitudin mi, sit amet lobortis sapien sapien non mi.', 'Dowley', 'McVitty', '2022-05-15', '2022-04-26')
       , (27, 'fkaa', 'Aliquam quis turpis eget elit sodales scelerisque.', 'Mackie', 'Shottin', '2022-08-02', '2022-04-23')
       , (26, 'fkaa', 'Morbi non quam nec dui luctus rutrum.', 'Garret', 'Sydney', '2022-03-23', '2022-07-03')
       , (73, 'fkaa', 'In hac habitasse platea dictumst.', 'Flay', 'Binstead', '2022-06-19', '2022-02-24')
       , (33, 'fkaa', 'Mauris sit amet eros.', 'Cowdry', 'Beche', '2023-02-14', '2022-10-10')
       , (107, 'fkaa', 'Nullam orci pede, venenatis non, sodales sed, tincidunt eu, felis.', 'Petrollo', 'Coates', '2022-06-13', '2022-11-23')
       , (119, 'fkaa', 'Nam ultrices, libero non mattis pulvinar, nulla pede ullamcorper augue, a suscipit nulla elit ac nulla.', 'Pudsall', 'Peto', '2022-12-15', '2023-01-19')
       , (32, 'fkaa', 'Etiam faucibus cursus urna.', 'De Micoli', 'Santino', '2022-03-29', '2022-04-30')
       , (97, 'fkaa', 'Maecenas tristique, est et tempus semper, est quam pharetra magna, ac consequat metus sapien ut nunc.', 'Classen', 'Coils', '2022-07-25', '2022-10-14')
       , (9, 'fkaa', 'Nam ultrices, libero non mattis pulvinar, nulla pede ullamcorper augue, a suscipit nulla elit ac nulla.', 'Pfiffer', 'Franklin', '2022-08-19', '2022-05-06')
       , (30, 'fkaa', 'Duis ac nibh.', 'Boosey', 'Rigolle', '2022-05-26', '2022-05-31')
       , (30, 'fkaa', 'Curabitur gravida nisi at nibh.', 'Kelshaw', 'Cullin', '2022-03-28', '2022-05-03')
       , (26, 'fkaa', 'Pellentesque ultrices mattis odio.', 'Riall', 'Vidgeon', '2022-06-23', '2022-04-23')
       , (10, 'fkaa', 'Nullam porttitor lacus at turpis.', 'Loverock', 'Somers', '2022-03-02', '2023-01-14')
       , (72, 'fkaa', 'Vivamus vestibulum sagittis sapien.', 'Fidler', 'Ketchen', '2022-11-08', '2023-02-06')
       , (106, 'fkaa', 'Curabitur gravida nisi at nibh.', 'Whittek', 'Whytock', '2022-10-30', '2022-06-20')
       , (62, 'fkaa', 'Ut at dolor quis odio consequat varius.', 'Jepperson', 'McKag', '2022-06-27', '2022-06-02')
       , (111, 'fkaa', 'Etiam faucibus cursus urna.', 'Birrane', 'McQuie', '2022-10-20', '2022-12-01')
       , (69, 'fkaa', 'Morbi vel lectus in quam fringilla rhoncus.', 'Sarchwell', 'Bontein', '2022-07-06', '2022-05-15')
       , (49, 'fkaa', 'Quisque id justo sit amet sapien dignissim vestibulum.', 'Furlonge', 'Freegard', '2022-05-20', '2022-12-03')
       , (112, 'fkaa', 'Nunc purus.', 'Figure', 'O''Sesnane', '2022-06-18', '2022-12-13')
       , (22, 'fkaa', 'Aliquam erat volutpat.', 'Greated', 'Capitano', '2022-11-18', '2022-09-25')
       , (14, 'fkaa', 'Proin eu mi.', 'Price', 'Christon', '2022-08-26', '2022-12-08')
       , (37, 'fkaa', 'Donec dapibus.', 'Whetson', 'Lobbe', '2022-08-17', '2022-08-06')
       , (72, 'fkaa', 'Nulla ac enim.', 'Binford', 'Aronoff', '2022-10-11', '2022-06-08')
       , (87, 'fkaa', 'Cras non velit nec nisi vulputate nonummy.', 'Crollman', 'Smowton', '2023-01-09', '2022-03-21')
       , (25, 'fkaa', 'Nulla suscipit ligula in lacus.', 'Blaver', 'Herrero', '2023-01-23', '2022-07-20')
       , (28, 'fkaa', 'In quis justo.', 'Pauleit', 'Gorman', '2023-02-08', '2022-04-28')
       , (39, 'fkaa', 'Nulla suscipit ligula in lacus.', 'Costin', 'Twitchett', '2022-11-30', '2022-05-27')
       , (98, 'fkaa', 'In blandit ultrices enim.', 'Capelow', 'Juzek', '2022-06-17', '2022-03-14')
       , (68, 'fkaa', 'Quisque arcu libero, rutrum ac, lobortis vel, dapibus at, diam.', 'Cotton', 'Woolston', '2022-08-13', '2022-12-12')
       , (22, 'fkaa', 'Sed ante.', 'Pranger', 'Got', '2022-08-27', '2022-09-18')
       , (96, 'fkaa', 'Nulla ac enim.', 'Dorrity', 'Jotham', '2022-03-30', '2022-07-03')
       , (42, 'fkaa', 'Quisque id justo sit amet sapien dignissim vestibulum.', 'Karlowicz', 'Yea', '2022-12-02', '2022-11-10')
       , (55, 'fkaa', 'Mauris enim leo, rhoncus sed, vestibulum sit amet, cursus id, turpis.', 'Sibbons', 'Knok', '2023-02-17', '2023-02-02')
       , (61, 'fkaa', 'Duis at velit eu est congue elementum.', 'Nesbit', 'Yeaman', '2023-01-28', '2022-06-16')
       , (69, 'fkaa', 'In hac habitasse platea dictumst.', 'Woodcock', 'Gawler', '2022-12-11', '2022-10-17')
       , (82, 'fkaa', 'Proin at turpis a pede posuere nonummy.', 'Zecchi', 'Shooter', '2022-05-24', '2023-01-11')
       , (87, 'fkaa', 'Donec ut mauris eget massa tempor convallis.', 'Wilder', 'Buckthought', '2023-01-23', '2022-07-10')
       , (123, 'fkaa', 'Maecenas pulvinar lobortis est.', 'Slafford', 'Siddon', '2022-06-08', '2022-05-06')
       , (6, 'fkaa', 'Phasellus id sapien in sapien iaculis congue.', 'Hallawell', 'Eliasson', '2022-08-23', '2023-02-18')
       , (21, 'fkaa', 'Pellentesque at nulla.', 'Calderbank', 'Oxterby', '2022-07-19', '2022-08-01')
       , (56, 'fkaa', 'In est risus, auctor sed, tristique in, tempus sit amet, sem.', 'Flucker', 'Edmondson', '2023-02-15', '2022-07-10')
       , (28, 'fkaa', 'Suspendisse potenti.', 'Pratton', 'Fownes', '2022-05-10', '2022-10-11')
       , (79, 'fkaa', 'Nunc nisl.', 'Scottesmoor', 'Ronaghan', '2022-12-29', '2022-09-04')
       , (110, 'fkaa', 'Donec quis orci eget orci vehicula condimentum.', 'Keers', 'Grievson', '2022-09-23', '2022-12-02')
       , (70, 'fkaa', 'Nulla tempus.', 'Getsham', 'Wildin', '2022-08-09', '2022-03-05')
       , (12, 'fkaa', 'Quisque porta volutpat erat.', 'Briddock', 'Ferry', '2022-03-26', '2023-02-06')
       , (9, 'fkaa', 'Vivamus in felis eu sapien cursus vestibulum.', 'Penn', 'Davidov', '2022-06-03', '2022-04-05')
       , (23, 'fkaa', 'Morbi quis tortor id nulla ultrices aliquet.', 'Meletti', 'Springham', '2023-02-09', '2022-11-15')
       , (114, 'fkaa', 'Nam tristique tortor eu pede.', 'Pitfield', 'Spacey', '2022-11-12', '2022-08-14')
       , (33, 'fkaa', 'Cras in purus eu magna vulputate luctus.', 'Scane', 'Brandham', '2023-01-14', '2022-06-17')
       , (18, 'fkaa', 'Donec posuere metus vitae ipsum.', 'Vasyatkin', 'Fadell', '2023-02-12', '2022-10-10')
       , (7, 'fkaa', 'Etiam vel augue.', 'Juliano', 'Milne', '2022-03-23', '2022-09-13')
       , (21, 'fkaa', 'Nulla facilisi.', 'Balaizot', 'Mulcaster', '2023-02-18', '2022-03-04')
       , (21, 'fkaa', 'Suspendisse potenti.', 'Eyree', 'Hounsom', '2023-02-05', '2022-04-08')
       , (16, 'fkaa', 'In quis justo.', 'Judge', 'Batchellor', '2022-11-16', '2022-03-11')
       , (25, 'fkaa', 'Ut at dolor quis odio consequat varius.', 'Parkhouse', 'Pudsey', '2023-01-08', '2022-06-30')
       , (105, 'fkaa', 'Vestibulum ante ipsum primis in faucibus orci luctus et ultrices posuere cubilia Curae; Nulla dapibus dolor vel est.', 'McKim', 'Kyberd', '2023-02-07', '2022-03-21')
       , (36, 'fkaa', 'Aliquam non mauris.', 'Riha', 'Stapleford', '2023-01-05', '2023-01-20')
       , (21, 'fkaa', 'Duis at velit eu est congue elementum.', 'Joinson', 'Kehri', '2023-01-30', '2022-05-12')
       , (85, 'fkaa', 'Vivamus tortor.', 'Halfacre', 'Courcey', '2022-12-12', '2022-10-21')
       , (49, 'fkaa', 'Cum sociis natoque penatibus et magnis dis parturient montes, nascetur ridiculus mus.', 'Fliege', 'Syrad', '2022-10-22', '2022-10-11')
       , (70, 'fkaa', 'Maecenas pulvinar lobortis est.', 'Hancock', 'Nesfield', '2022-09-04', '2022-11-28')
       , (55, 'fkaa', 'Vestibulum ante ipsum primis in faucibus orci luctus et ultrices posuere cubilia Curae; Donec pharetra, magna vestibulum aliquet ultrices, erat tortor sollicitudin mi, sit amet lobortis sapien sapien non mi.', 'Dobkin', 'Taree', '2023-01-27', '2022-08-04')
       , (43, 'fkaa', 'Maecenas pulvinar lobortis est.', 'Butte', 'Jiran', '2022-03-12', '2022-11-04')
       , (109, 'fkaa', 'Vivamus vel nulla eget eros elementum pellentesque.', 'Decourcy', 'Allmond', '2022-03-28', '2022-05-17')
       , (84, 'fkaa', 'Nunc rhoncus dui vel sem.', 'Stainburn', 'Stile', '2023-01-06', '2022-03-11')
       , (65, 'fkaa', 'Suspendisse potenti.', 'Isakowicz', 'Woodley', '2022-12-26', '2022-04-05')
       , (114, 'fkaa', 'Nam tristique tortor eu pede.', 'Shergill', 'Caveney', '2022-05-01', '2022-05-11')
       , (91, 'fkaa', 'Vivamus vel nulla eget eros elementum pellentesque.', 'Dethloff', 'Pickhaver', '2022-08-05', '2022-03-04')
       , (84, 'fkaa', 'Duis bibendum.', 'Dearlove', 'Hendron', '2022-08-09', '2023-01-22')
       , (25, 'fkaa', 'Lorem ipsum dolor sit amet, consectetuer adipiscing elit.', 'Pagelsen', 'Filewood', '2022-05-11', '2023-02-21')
       , (105, 'fkaa', 'Sed accumsan felis.', 'Gash', 'Malenoir', '2022-07-04', '2022-12-01')
       , (101, 'fkaa', 'Maecenas tristique, est et tempus semper, est quam pharetra magna, ac consequat metus sapien ut nunc.', 'Claiden', 'Hawarden', '2022-11-12', '2022-03-07')
       , (97, 'fkaa', 'Nunc purus.', 'Setford', 'Gamblin', '2023-02-05', '2022-06-14')
       , (86, 'fkaa', 'Praesent blandit.', 'Stothert', 'Vanini', '2023-01-03', '2022-10-19')
       , (62, 'fkaa', 'Vestibulum sed magna at nunc commodo placerat.', 'Tippler', 'Delacourt', '2022-09-02', '2022-07-23')
       , (84, 'fkaa', 'Nunc rhoncus dui vel sem.', 'Di Ruggiero', 'Wogan', '2022-07-14', '2022-11-02')
       , (118, 'fkaa', 'Vestibulum ante ipsum primis in faucibus orci luctus et ultrices posuere cubilia Curae; Nulla dapibus dolor vel est.', 'Regina', 'Maleck', '2022-04-24', '2022-03-01')
       , (102, 'fkaa', 'Morbi quis tortor id nulla ultrices aliquet.', 'Giannotti', 'Piechnik', '2023-02-17', '2022-05-01')
       , (113, 'fkaa', 'Aenean fermentum.', 'August', 'Macilhench', '2022-03-19', '2023-01-03')
       , (33, 'fkaa', 'Donec dapibus.', 'Bryning', 'Fillis', '2022-03-21', '2022-12-29')
       , (101, 'fkaa', 'In hac habitasse platea dictumst.', 'Champkins', 'Tainton', '2022-08-07', '2022-10-01')
       , (82, 'fkaa', 'Ut at dolor quis odio consequat varius.', 'Hens', 'Trenoweth', '2022-09-14', '2023-02-22')
       , (21, 'fkaa', 'Integer a nibh.', 'Symington', 'Mattedi', '2022-12-08', '2022-06-27')
       , (57, 'fkaa', 'Sed sagittis.', 'Challicombe', 'Wake', '2022-09-20', '2022-12-28')
       , (91, 'fkaa', 'Maecenas ut massa quis augue luctus tincidunt.', 'Trencher', 'Jedrzej', '2022-03-01', '2022-07-09')
       , (29, 'fkaa', 'Aliquam sit amet diam in magna bibendum imperdiet.', 'Janko', 'Emburey', '2022-07-29', '2022-10-04')
       , (93, 'fkaa', 'Proin interdum mauris non ligula pellentesque ultrices.', 'Duham', 'Burgan', '2022-03-31', '2022-12-28')
       , (15, 'fkaa', 'Phasellus sit amet erat.', 'Boik', 'Berrane', '2022-09-12', '2022-07-13')
       , (80, 'fkaa', 'Lorem ipsum dolor sit amet, consectetuer adipiscing elit.', 'Trevna', 'Lindup', '2022-07-19', '2023-01-06')
       , (40, 'fkaa', 'Vestibulum sed magna at nunc commodo placerat.', 'Orto', 'Bamlet', '2022-06-27', '2022-10-23')
       , (62, 'fkaa', 'Nullam varius.', 'Pawelec', 'Dougliss', '2022-03-22', '2022-06-24')
       , (90, 'fkaa', 'Pellentesque at nulla.', 'Presman', 'Ambrodi', '2022-04-10', '2022-05-21')
       , (26, 'fkaa', 'Quisque erat eros, viverra eget, congue eget, semper rutrum, nulla.', 'Perschke', 'Ettles', '2022-12-20', '2022-12-06')
       , (102, 'fkaa', 'Nulla mollis molestie lorem.', 'Luckhurst', 'Gudde', '2022-11-27', '2022-03-16')
       , (10, 'fkaa', 'Morbi sem mauris, laoreet ut, rhoncus aliquet, pulvinar sed, nisl.', 'Whotton', 'Prue', '2022-03-04', '2022-12-17')
       , (7, 'fkaa', 'Mauris lacinia sapien quis libero.', 'Veneur', 'Dyball', '2022-08-13', '2022-09-21')
       , (79, 'fkaa', 'Vivamus vestibulum sagittis sapien.', 'Harrop', 'Criple', '2022-11-03', '2023-01-30')
       , (12, 'fkaa', 'Suspendisse accumsan tortor quis turpis.', 'Leythley', 'Polle', '2022-03-24', '2022-06-06')
       , (11, 'fkaa', 'In hac habitasse platea dictumst.', 'Mochar', 'Ubanks', '2022-08-18', '2022-05-07')
       , (48, 'fkaa', 'Pellentesque at nulla.', 'Opie', 'Asaaf', '2022-03-30', '2022-10-06')
       , (78, 'fkaa', 'Donec posuere metus vitae ipsum.', 'Torn', 'McCarney', '2022-07-16', '2022-04-08')
       , (94, 'fkaa', 'Proin leo odio, porttitor id, consequat in, consequat ut, nulla.', 'Burnell', 'Reeson', '2022-04-17', '2022-08-30')
       , (35, 'fkaa', 'Cum sociis natoque penatibus et magnis dis parturient montes, nascetur ridiculus mus.', 'Backes', 'Braddick', '2022-10-12', '2022-07-29')
       , (83, 'fkaa', 'Aliquam sit amet diam in magna bibendum imperdiet.', 'Lowdham', 'Birchwood', '2022-08-30', '2022-03-12')
       , (48, 'fkaa', 'Nullam varius.', 'Maskew', 'Rudiger', '2023-02-05', '2022-11-17')
       , (33, 'fkaa', 'In tempor, turpis nec euismod scelerisque, quam turpis adipiscing lorem, vitae mattis nibh ligula nec sem.', 'Keir', 'Blampey', '2022-08-24', '2022-10-04')
       , (10, 'fkaa', 'Fusce congue, diam id ornare imperdiet, sapien urna pretium nisl, ut volutpat sapien arcu sed augue.', 'Rapinett', 'Watts', '2022-08-05', '2022-12-21')
       , (89, 'fkaa', 'Duis at velit eu est congue elementum.', 'Kingham', 'Davidy', '2022-11-20', '2022-08-04')
       , (16, 'fkaa', 'In sagittis dui vel nisl.', 'Ohanessian', 'Fairs', '2022-06-07', '2022-05-31')
       , (38, 'fkaa', 'Mauris sit amet eros.', 'Jerams', 'Berge', '2023-02-13', '2022-09-14')
       , (94, 'fkaa', 'Curabitur gravida nisi at nibh.', 'Sivess', 'Compfort', '2022-07-27', '2022-04-21')
       , (117, 'fkaa', 'Nam nulla.', 'Paunsford', 'Hiner', '2022-03-03', '2023-01-08')
       , (52, 'fkaa', 'Praesent id massa id nisl venenatis lacinia.', 'Diggar', 'Loadman', '2022-04-19', '2022-07-08')
       , (57, 'fkaa', 'Aliquam quis turpis eget elit sodales scelerisque.', 'Birtwisle', 'Wiffen', '2022-06-15', '2022-07-16')
       , (58, 'fkaa', 'Vestibulum sed magna at nunc commodo placerat.', 'Vatini', 'Leather', '2022-12-05', '2022-03-06')
       , (59, 'fkaa', 'In blandit ultrices enim.', 'Ales', 'Cogdell', '2022-05-19', '2022-11-12')
       , (112, 'fkaa', 'Duis consequat dui nec nisi volutpat eleifend.', 'Barfitt', 'Chown', '2022-08-11', '2022-06-05')
       , (72, 'fkaa', 'Aenean auctor gravida sem.', 'Bottby', 'Domnin', '2022-09-26', '2023-02-12')
       , (10, 'fkaa', 'Pellentesque at nulla.', 'Farnham', 'Sinkinson', '2022-07-18', '2022-07-24')
       , (123, 'fkaa', 'Phasellus sit amet erat.', 'Jeannot', 'Lapthorne', '2023-02-13', '2022-03-07')
       , (99, 'fkaa', 'Nulla nisl.', 'Rochelle', 'Andriulis', '2022-10-22', '2022-11-30')
       , (38, 'fkaa', 'Suspendisse potenti.', 'Heindl', 'Grono', '2022-04-25', '2023-02-10')
       , (40, 'fkaa', 'Vestibulum sed magna at nunc commodo placerat.', 'Dansey', 'Minards', '2023-02-22', '2022-02-28')
       , (23, 'fkaa', 'Nunc rhoncus dui vel sem.', 'Learie', 'Hirche', '2022-10-30', '2023-01-28')
       , (122, 'fkaa', 'In est risus, auctor sed, tristique in, tempus sit amet, sem.', 'Meller', 'Ferries', '2022-07-05', '2022-07-02')
       , (52, 'fkaa', 'Praesent lectus.', 'Sesons', 'Sumers', '2022-09-05', '2022-05-03')
       , (18, 'fkaa', 'Aliquam quis turpis eget elit sodales scelerisque.', 'Jammet', 'Pickerill', '2022-05-08', '2022-09-30')
       , (59, 'fkaa', 'Aliquam erat volutpat.', 'Alexander', 'Jekel', '2023-01-07', '2022-05-22')
       , (75, 'fkaa', 'Duis ac nibh.', 'Mayston', 'Darwin', '2022-09-11', '2022-12-09')
       , (42, 'fkaa', 'Pellentesque at nulla.', 'Goublier', 'Hacket', '2022-10-28', '2022-04-11')
       , (17, 'fkaa', 'Vivamus in felis eu sapien cursus vestibulum.', 'De Wolfe', 'Matthews', '2022-07-30', '2022-09-20')
       , (15, 'fkaa', 'Integer pede justo, lacinia eget, tincidunt eget, tempus vel, pede.', 'Chaff', 'Guillot', '2022-08-19', '2022-12-14')
       , (91, 'fkaa', 'Praesent lectus.', 'Syrett', 'Woollcott', '2022-10-24', '2023-02-16')
       , (78, 'fkaa', 'Pellentesque ultrices mattis odio.', 'Pollins', 'Uff', '2023-01-16', '2022-12-23')
       , (82, 'fkaa', 'Suspendisse potenti.', 'Gibbons', 'Looker', '2022-05-25', '2022-10-25')
       , (50, 'fkaa', 'Nulla nisl.', 'Lant', 'Grayer', '2022-07-03', '2022-05-11')
       , (89, 'fkaa', 'Praesent lectus.', 'Kneale', 'Davydychev', '2022-09-27', '2022-10-17')
       , (3, 'fkaa', 'Duis at velit eu est congue elementum.', 'Dominec', 'Blasing', '2022-08-17', '2022-12-16')
       , (23, 'fkaa', 'Proin leo odio, porttitor id, consequat in, consequat ut, nulla.', 'Froude', 'Katzmann', '2022-04-29', '2022-06-09')
       , (23, 'fkaa', 'Morbi porttitor lorem id ligula.', 'Neads', 'Stribling', '2022-07-08', '2022-04-01')
       , (95, 'fkaa', 'Duis bibendum.', 'Recke', 'Polon', '2022-03-24', '2022-06-02')
       , (11, 'fkaa', 'Nulla neque libero, convallis eget, eleifend luctus, ultricies eu, nibh.', 'Archbould', 'Fumagalli', '2022-09-02', '2022-09-04')
       , (61, 'fkaa', 'Integer ac leo.', 'Orwin', 'Gommey', '2022-09-17', '2022-04-20')
       , (1, 'fkaa', 'In hac habitasse platea dictumst.', 'Guierre', 'Pawels', '2023-02-05', '2023-02-17')
       , (109, 'fkaa', 'Morbi odio odio, elementum eu, interdum eu, tincidunt in, leo.', 'Mattiussi', 'Sangra', '2023-01-27', '2023-01-25')
       , (46, 'fkaa', 'Maecenas pulvinar lobortis est.', 'Benoist', 'Leopard', '2022-04-24', '2023-02-20')
       , (17, 'fkaa', 'Cras in purus eu magna vulputate luctus.', 'Hearty', 'Fawssett', '2022-04-08', '2022-11-15')
       , (58, 'fkaa', 'Proin at turpis a pede posuere nonummy.', 'Coultard', 'Cicutto', '2022-04-13', '2022-05-24')
       , (96, 'fkaa', 'Vestibulum ante ipsum primis in faucibus orci luctus et ultrices posuere cubilia Curae; Nulla dapibus dolor vel est.', 'Pottberry', 'Arundale', '2022-11-17', '2022-04-10')
       , (6, 'fkaa', 'Nam ultrices, libero non mattis pulvinar, nulla pede ullamcorper augue, a suscipit nulla elit ac nulla.', 'Corteis', 'Figge', '2022-06-16', '2023-02-02')
       , (106, 'fkaa', 'Morbi quis tortor id nulla ultrices aliquet.', 'Mockler', 'Normanville', '2022-10-05', '2022-12-10')
       , (44, 'fkaa', 'Nulla justo.', 'Healks', 'Dumbrall', '2022-07-15', '2022-03-06')
       , (109, 'fkaa', 'Duis at velit eu est congue elementum.', 'Sustin', 'Glaum', '2022-11-25', '2022-11-01')
       , (73, 'fkaa', 'Quisque id justo sit amet sapien dignissim vestibulum.', 'Lambol', 'Lea', '2022-04-30', '2022-06-11')
       , (22, 'fkaa', 'Donec odio justo, sollicitudin ut, suscipit a, feugiat et, eros.', 'Fordham', 'Punshon', '2022-04-02', '2022-05-18')
       , (114, 'fkaa', 'Morbi quis tortor id nulla ultrices aliquet.', 'Agius', 'Polglase', '2022-06-26', '2022-06-19')
       , (69, 'fkaa', 'Ut tellus.', 'Leyborne', 'Ingall', '2022-04-27', '2022-08-20')
       , (65, 'fkaa', 'Cras non velit nec nisi vulputate nonummy.', 'Blunsum', 'Conneely', '2022-06-13', '2022-06-09')
       , (34, 'fkaa', 'Praesent blandit.', 'OIlier', 'Ackrill', '2023-02-09', '2023-01-20')
       , (52, 'fkaa', 'Aenean sit amet justo.', 'Biscomb', 'Sale', '2022-12-25', '2022-11-11')
       , (122, 'fkaa', 'Nullam porttitor lacus at turpis.', 'Worms', 'Kibblewhite', '2022-05-15', '2022-03-18')
       , (10, 'fkaa', 'Integer aliquet, massa id lobortis convallis, tortor risus dapibus augue, vel accumsan tellus nisi eu orci.', 'Etuck', 'Laviss', '2022-03-16', '2022-04-04')
       , (57, 'fkaa', 'Nulla tellus.', 'Pencot', 'Jellico', '2022-05-23', '2022-06-10')
       , (69, 'fkaa', 'Nam tristique tortor eu pede.', 'Mahaddie', 'Housbie', '2022-11-20', '2022-06-21')
       , (23, 'fkaa', 'Aliquam quis turpis eget elit sodales scelerisque.', 'Cud', 'Pantridge', '2022-10-19', '2022-06-15')
       , (122, 'fkaa', 'Fusce congue, diam id ornare imperdiet, sapien urna pretium nisl, ut volutpat sapien arcu sed augue.', 'Cordobes', 'Coleiro', '2022-04-26', '2022-08-05')
       , (4, 'fkaa', 'Aenean fermentum.', 'Hards', 'Caulket', '2022-09-26', '2022-10-02')
       , (81, 'fkaa', 'Aliquam sit amet diam in magna bibendum imperdiet.', 'Atthow', 'Ivashchenko', '2022-09-04', '2023-02-02')
       , (67, 'fkaa', 'Pellentesque at nulla.', 'Morena', 'Danzelman', '2022-03-17', '2022-04-09')
       , (56, 'fkaa', 'Morbi vestibulum, velit id pretium iaculis, diam erat fermentum justo, nec condimentum neque sapien placerat ante.', 'Saffill', 'Devey', '2022-11-15', '2022-09-19')
       , (117, 'fkaa', 'Maecenas leo odio, condimentum id, luctus nec, molestie sed, justo.', 'Bellany', 'Kadd', '2022-12-26', '2022-10-17')
       , (89, 'fkaa', 'Nunc purus.', 'Ferdinand', 'D''Elia', '2022-07-14', '2022-04-26')
       , (66, 'fkaa', 'Maecenas ut massa quis augue luctus tincidunt.', 'Brennon', 'Lundberg', '2022-04-04', '2022-12-17')
       , (19, 'fkaa', 'Nullam orci pede, venenatis non, sodales sed, tincidunt eu, felis.', 'Coonihan', 'Mettericke', '2022-11-12', '2022-05-08')
       , (52, 'fkaa', 'Quisque id justo sit amet sapien dignissim vestibulum.', 'Kropach', 'Le Ball', '2022-06-30', '2023-01-23')
       , (102, 'fkaa', 'Curabitur gravida nisi at nibh.', 'Tellett', 'Wisby', '2022-10-07', '2022-05-14')
       , (16, 'fkaa', 'Fusce congue, diam id ornare imperdiet, sapien urna pretium nisl, ut volutpat sapien arcu sed augue.', 'Plumley', 'Barrell', '2022-12-25', '2022-08-03')
       , (117, 'fkaa', 'Nullam porttitor lacus at turpis.', 'Guarnier', 'Ceschi', '2022-08-21', '2022-03-19')
       , (5, 'fkaa', 'Lorem ipsum dolor sit amet, consectetuer adipiscing elit.', 'Beechcraft', 'Icke', '2022-07-10', '2022-08-11')
       , (89, 'fkaa', 'Fusce consequat.', 'Joddins', 'Dewes', '2022-05-07', '2022-07-19')
       , (88, 'fkaa', 'Quisque ut erat.', 'Montier', 'Halls', '2022-05-07', '2022-08-28')
       , (23, 'fkaa', 'Pellentesque at nulla.', 'de Courcy', 'Bligh', '2023-01-06', '2022-11-10')
       , (101, 'fkaa', 'Vestibulum ante ipsum primis in faucibus orci luctus et ultrices posuere cubilia Curae; Mauris viverra diam vitae quam.', 'Hughson', 'Dakin', '2022-10-14', '2022-03-03')
       , (1, 'fkaa', 'Fusce lacus purus, aliquet at, feugiat non, pretium quis, lectus.', 'Baudic', 'Shaw', '2022-07-16', '2022-09-01')
       , (13, 'fkaa', 'Morbi vel lectus in quam fringilla rhoncus.', 'Millhill', 'Buessen', '2022-11-22', '2022-07-09')
       , (83, 'fkaa', 'Phasellus id sapien in sapien iaculis congue.', 'Elis', 'Kop', '2022-08-18', '2023-01-01')
       , (2, 'fkaa', 'Donec ut dolor.', 'Trahearn', 'Caldes', '2022-10-18', '2022-06-10')
       , (110, 'fkaa', 'Cras mi pede, malesuada in, imperdiet et, commodo vulputate, justo.', 'Shacklady', 'Setterington', '2022-09-19', '2022-10-05')
       , (104, 'fkaa', 'Sed sagittis.', 'Clackson', 'Folshom', '2022-06-23', '2022-05-29')
       , (68, 'fkaa', 'Nulla tempus.', 'Spata', 'Cathro', '2022-04-23', '2022-12-08')
       , (41, 'fkaa', 'Proin interdum mauris non ligula pellentesque ultrices.', 'Bentje', 'Rosevear', '2023-01-03', '2022-02-28')
       , (29, 'fkaa', 'Nulla nisl.', 'Morfield', 'Ayscough', '2022-11-21', '2022-06-23')
       , (46, 'fkaa', 'Donec posuere metus vitae ipsum.', 'Bertson', 'Whiskin', '2022-03-17', '2022-11-08')
       , (110, 'fkaa', 'Integer tincidunt ante vel ipsum.', 'Davidowich', 'Villar', '2022-11-03', '2022-06-28')
       , (23, 'fkaa', 'Pellentesque viverra pede ac diam.', 'Pougher', 'Barta', '2022-09-13', '2022-07-10')
       , (104, 'fkaa', 'Quisque erat eros, viverra eget, congue eget, semper rutrum, nulla.', 'Binley', 'Storks', '2022-05-24', '2023-01-14')
       , (94, 'fkaa', 'Nulla justo.', 'Nance', 'Cromblehome', '2022-08-12', '2022-07-23')
       , (87, 'fkaa', 'Cras pellentesque volutpat dui.', 'Archbell', 'Pengilley', '2022-03-08', '2022-02-26')
       , (84, 'fkaa', 'Proin eu mi.', 'Gamet', 'Calles', '2022-05-08', '2023-01-12')
       , (83, 'fkaa', 'In est risus, auctor sed, tristique in, tempus sit amet, sem.', 'Whittick', 'McNeill', '2022-04-19', '2022-09-28')
       , (91, 'fkaa', 'Cras pellentesque volutpat dui.', 'Ciobotaro', 'Dallaway', '2022-06-09', '2022-08-11')
       , (101, 'fkaa', 'Duis mattis egestas metus.', 'Mansford', 'Gladdin', '2022-07-04', '2022-06-12')
       , (54, 'fkaa', 'Phasellus sit amet erat.', 'Gerkens', 'Stuart', '2022-10-17', '2023-01-13')
       , (41, 'fkaa', 'Morbi non quam nec dui luctus rutrum.', 'Janoch', 'Flipsen', '2022-11-21', '2022-08-03')
       , (6, 'fkaa', 'Phasellus sit amet erat.', 'Bordiss', 'Firth', '2022-11-09', '2022-05-21')
       , (63, 'fkaa', 'Integer non velit.', 'Stealey', 'Muckian', '2023-02-01', '2022-03-23')
       , (78, 'fkaa', 'Aenean lectus.', 'Oxenham', 'Hannah', '2022-06-08', '2022-12-17')
       , (45, 'fkaa', 'Vestibulum ante ipsum primis in faucibus orci luctus et ultrices posuere cubilia Curae; Nulla dapibus dolor vel est.', 'Tregona', 'Shoosmith', '2022-10-19', '2022-06-23')
       , (46, 'fkaa', 'Aliquam quis turpis eget elit sodales scelerisque.', 'Roller', 'Campes', '2022-10-07', '2022-04-12')
       , (42, 'fkaa', 'In hac habitasse platea dictumst.', 'Prebble', 'Cragoe', '2022-11-07', '2022-08-21')
       , (86, 'fkaa', 'Morbi a ipsum.', 'Pellant', 'Clipson', '2022-02-25', '2023-01-09')
       , (78, 'fkaa', 'Cras mi pede, malesuada in, imperdiet et, commodo vulputate, justo.', 'Thomas', 'Dronsfield', '2022-05-11', '2023-02-05')
       , (29, 'fkaa', 'Nulla ut erat id mauris vulputate elementum.', 'Mougin', 'Olenchenko', '2022-05-17', '2022-02-23')
       , (31, 'fkaa', 'Donec quis orci eget orci vehicula condimentum.', 'Umpleby', 'Rabson', '2023-02-02', '2023-02-02')
       , (70, 'fkaa', 'Integer ac leo.', 'MacLaughlin', 'De Normanville', '2022-12-24', '2022-11-29')
       , (8, 'fkaa', 'Lorem ipsum dolor sit amet, consectetuer adipiscing elit.', 'Cornilli', 'Gillis', '2022-11-08', '2022-03-07')
       , (63, 'fkaa', 'Proin leo odio, porttitor id, consequat in, consequat ut, nulla.', 'Fetherstone', 'de Copeman', '2022-10-18', '2022-09-24')
       , (79, 'fkaa', 'Vivamus vestibulum sagittis sapien.', 'Clink', 'Curro', '2022-05-18', '2022-12-01')
       , (11, 'fkaa', 'Curabitur at ipsum ac tellus semper interdum.', 'Gorring', 'Rozenzweig', '2022-05-08', '2022-03-02')
       , (44, 'fkaa', 'Duis ac nibh.', 'Bream', 'Foskin', '2022-06-30', '2022-10-31')
       , (84, 'fkaa', 'Maecenas tincidunt lacus at velit.', 'Joul', 'Goosnell', '2022-05-12', '2022-07-17')
       , (105, 'fkaa', 'Nam dui.', 'Diem', 'Timblett', '2022-03-11', '2022-07-19')
       , (10, 'fkaa', 'Nulla neque libero, convallis eget, eleifend luctus, ultricies eu, nibh.', 'West-Frimley', 'Kembery', '2023-01-06', '2023-02-17')
       , (27, 'fkaa', 'Cras non velit nec nisi vulputate nonummy.', 'Bowfin', 'Lochran', '2022-07-07', '2022-12-27')
       , (110, 'fkaa', 'In blandit ultrices enim.', 'Sollas', 'Pierse', '2022-06-06', '2022-10-22')
       , (27, 'fkaa', 'Nullam sit amet turpis elementum ligula vehicula consequat.', 'Veare', 'Gorring', '2022-03-13', '2022-10-24')
       , (62, 'fkaa', 'Fusce consequat.', 'Devenish', 'Stathor', '2022-04-23', '2022-11-20')
       , (61, 'fkaa', 'Cras non velit nec nisi vulputate nonummy.', 'Roache', 'Doudney', '2022-06-12', '2022-09-29')
       , (100, 'fkaa', 'Vivamus vestibulum sagittis sapien.', 'Ishak', 'Pride', '2022-06-08', '2022-09-14')
       , (55, 'fkaa', 'Maecenas tincidunt lacus at velit.', 'Lowdeane', 'Ephgrave', '2022-12-29', '2022-05-12')
       , (55, 'fkaa', 'Nulla facilisi.', 'Gallier', 'Scarrisbrick', '2022-10-21', '2022-08-24')
       , (86, 'fkaa', 'Morbi vel lectus in quam fringilla rhoncus.', 'Balcock', 'Kemell', '2023-01-28', '2022-08-13')
       , (123, 'fkaa', 'Mauris sit amet eros.', 'De Gregoli', 'Chstney', '2022-08-21', '2022-07-08')
       , (108, 'fkaa', 'Nam tristique tortor eu pede.', 'Eickhoff', 'Pezey', '2022-12-01', '2022-11-05')
       , (108, 'fkaa', 'Lorem ipsum dolor sit amet, consectetuer adipiscing elit.', 'Tucknott', 'Redmayne', '2022-06-29', '2022-10-24')
       , (49, 'fkaa', 'Nunc rhoncus dui vel sem.', 'Pigny', 'Leed', '2023-01-30', '2022-09-28')
       , (22, 'fkaa', 'Maecenas tincidunt lacus at velit.', 'Bonde', 'Monsey', '2022-04-17', '2023-02-07')
       , (52, 'fkaa', 'In congue.', 'Joscelyn', 'Cogin', '2022-04-23', '2022-05-10')
       , (100, 'fkaa', 'Etiam faucibus cursus urna.', 'Jacquemy', 'Cough', '2022-12-10', '2022-10-31')
       , (35, 'fkaa', 'Aliquam non mauris.', 'Wisam', 'Whapham', '2022-10-10', '2022-11-14')
       , (72, 'fkaa', 'Mauris sit amet eros.', 'Roofe', 'Trenchard', '2022-08-18', '2022-03-23')
       , (44, 'fkaa', 'Cum sociis natoque penatibus et magnis dis parturient montes, nascetur ridiculus mus.', 'Clemens', 'Checketts', '2022-10-24', '2022-11-28')
       , (37, 'fkaa', 'In eleifend quam a odio.', 'Donneely', 'Brandrick', '2022-03-28', '2022-06-07')
       , (115, 'fkaa', 'Aenean auctor gravida sem.', 'Joel', 'Halahan', '2022-11-17', '2022-04-30')
       , (8, 'fkaa', 'Cras non velit nec nisi vulputate nonummy.', 'Byard', 'Rapin', '2022-06-12', '2022-03-10')
       , (1, 'fkaa', 'Vivamus tortor.', 'Ledamun', 'Torregiani', '2022-04-19', '2022-03-29')
       , (28, 'fkaa', 'Aenean lectus.', 'Iddenden', 'Scudamore', '2022-12-10', '2022-12-10')
       , (67, 'fkaa', 'Duis bibendum, felis sed interdum venenatis, turpis enim blandit mi, in porttitor pede justo eu massa.', 'Grizard', 'Gillaspy', '2022-10-21', '2022-10-31')
       , (41, 'fkaa', 'Vestibulum ante ipsum primis in faucibus orci luctus et ultrices posuere cubilia Curae; Nulla dapibus dolor vel est.', 'McNeil', 'Ellar', '2022-08-28', '2022-10-04')
       , (39, 'fkaa', 'Maecenas tristique, est et tempus semper, est quam pharetra magna, ac consequat metus sapien ut nunc.', 'Vecard', 'Scholling', '2022-10-31', '2022-05-10')
       , (108, 'fkaa', 'Vestibulum ante ipsum primis in faucibus orci luctus et ultrices posuere cubilia Curae; Nulla dapibus dolor vel est.', 'Chadburn', 'Allso', '2022-03-14', '2022-08-16')
       , (69, 'fkaa', 'In hac habitasse platea dictumst.', 'Langridge', 'Chaudret', '2022-03-02', '2022-11-13')
       , (104, 'fkaa', 'Integer tincidunt ante vel ipsum.', 'Bawme', 'Logg', '2022-03-07', '2022-06-29')
       , (53, 'fkaa', 'Quisque arcu libero, rutrum ac, lobortis vel, dapibus at, diam.', 'Hyett', 'Bertram', '2022-05-06', '2022-12-14')
       , (71, 'fkaa', 'Nullam porttitor lacus at turpis.', 'Leason', 'Lemerle', '2022-12-01', '2022-11-11')
       , (81, 'fkaa', 'Donec ut dolor.', 'Smewing', 'Ikin', '2022-12-18', '2023-02-15')
       , (40, 'fkaa', 'Morbi vestibulum, velit id pretium iaculis, diam erat fermentum justo, nec condimentum neque sapien placerat ante.', 'O'' Markey', 'Durant', '2022-09-01', '2022-09-17')
       , (59, 'fkaa', 'Quisque arcu libero, rutrum ac, lobortis vel, dapibus at, diam.', 'Toplin', 'Alman', '2022-04-08', '2022-03-05')
       , (122, 'fkaa', 'Praesent blandit lacinia erat.', 'Tawton', 'Loosemore', '2023-01-08', '2022-03-31')
       , (10, 'fkaa', 'Suspendisse ornare consequat lectus.', 'Vasyushkhin', 'McNay', '2022-10-13', '2022-03-30')
       , (45, 'fkaa', 'Proin leo odio, porttitor id, consequat in, consequat ut, nulla.', 'Stickney', 'Arkil', '2022-04-24', '2022-10-03')
       , (1, 'fkaa', 'In hac habitasse platea dictumst.', 'Pickvance', 'Tack', '2022-07-20', '2022-06-23')
       , (84, 'fkaa', 'Morbi porttitor lorem id ligula.', 'Goodliff', 'Suthren', '2023-02-18', '2022-06-13')
       , (92, 'fkaa', 'Integer pede justo, lacinia eget, tincidunt eget, tempus vel, pede.', 'Adamo', 'Verriour', '2022-03-16', '2022-07-14')
       , (78, 'fkaa', 'Nunc purus.', 'Larder', 'Bloys', '2022-06-18', '2022-03-18')
       , (75, 'fkaa', 'Nulla suscipit ligula in lacus.', 'Fouracres', 'Ofener', '2022-10-18', '2022-05-16')
       , (75, 'fkaa', 'Nullam porttitor lacus at turpis.', 'Tremontana', 'Gon', '2023-01-12', '2022-10-27')
       , (80, 'fkaa', 'In eleifend quam a odio.', 'Sclater', 'Gilstin', '2022-07-11', '2022-10-01')
       , (92, 'fkaa', 'Nullam varius.', 'Boyat', 'Grelik', '2022-05-28', '2022-08-06')
       , (117, 'fkaa', 'Proin at turpis a pede posuere nonummy.', 'Lampbrecht', 'Newling', '2022-03-10', '2022-06-21')
       , (39, 'fkaa', 'Morbi ut odio.', 'Indgs', 'Creagh', '2023-01-22', '2023-01-04')
       , (107, 'fkaa', 'Morbi odio odio, elementum eu, interdum eu, tincidunt in, leo.', 'Crosgrove', 'Thursfield', '2023-01-17', '2022-07-23')
       , (115, 'fkaa', 'Maecenas pulvinar lobortis est.', 'Adamov', 'Pervoe', '2022-07-27', '2022-09-04')
       , (2, 'fkaa', 'Proin interdum mauris non ligula pellentesque ultrices.', 'Powelee', 'Achrameev', '2023-01-12', '2022-07-13')
       , (105, 'fkaa', 'Aenean fermentum.', 'Mahomet', 'Melesk', '2022-12-09', '2022-08-18')
       , (5, 'fkaa', 'Proin at turpis a pede posuere nonummy.', 'Bayle', 'Cathcart', '2022-10-30', '2022-05-27')
       , (120, 'fkaa', 'Duis bibendum, felis sed interdum venenatis, turpis enim blandit mi, in porttitor pede justo eu massa.', 'Meaking', 'Corless', '2022-09-26', '2022-05-30')
       , (82, 'fkaa', 'Nulla facilisi.', 'Follis', 'McIlvenna', '2022-12-22', '2022-10-20')
       , (44, 'fkaa', 'Vivamus in felis eu sapien cursus vestibulum.', 'Rousel', 'Poser', '2023-01-13', '2022-05-03')
       , (83, 'fkaa', 'In sagittis dui vel nisl.', 'Powrie', 'Eyton', '2022-04-22', '2022-07-19')
       , (24, 'fkaa', 'Etiam justo.', 'Hayley', 'Menear', '2022-03-10', '2023-01-12')
       , (119, 'fkaa', 'Praesent blandit lacinia erat.', 'Smart', 'Gale', '2022-12-30', '2022-08-24')
       , (85, 'fkaa', 'Donec dapibus.', 'Juares', 'Coom', '2023-01-06', '2022-02-26')
       , (28, 'fkaa', 'Aliquam non mauris.', 'McElmurray', 'Penvarne', '2022-07-01', '2023-01-12')
       , (42, 'fkaa', 'Fusce congue, diam id ornare imperdiet, sapien urna pretium nisl, ut volutpat sapien arcu sed augue.', 'Stennine', 'Amys', '2022-05-02', '2022-12-08')
       , (40, 'fkaa', 'Morbi odio odio, elementum eu, interdum eu, tincidunt in, leo.', 'Spurgeon', 'Hunter', '2022-06-04', '2022-09-08')
       , (99, 'fkaa', 'Vivamus vel nulla eget eros elementum pellentesque.', 'McCafferky', 'Jorry', '2022-06-18', '2022-10-24')
       , (50, 'fkaa', 'In est risus, auctor sed, tristique in, tempus sit amet, sem.', 'Larwood', 'La Batie', '2022-12-09', '2022-10-02')
       , (51, 'fkaa', 'Etiam vel augue.', 'Bugbee', 'Scutter', '2022-10-29', '2022-05-14')
       , (28, 'fkaa', 'Donec semper sapien a libero.', 'Chave', 'Cullimore', '2022-06-08', '2022-04-25')
       , (91, 'fkaa', 'Vivamus in felis eu sapien cursus vestibulum.', 'Mew', 'Cokly', '2022-04-17', '2022-06-16')
       , (54, 'fkaa', 'Curabitur in libero ut massa volutpat convallis.', 'Musicka', 'Deuss', '2022-04-30', '2022-10-24')
       , (123, 'fkaa', 'Integer non velit.', 'Dahill', 'Llopis', '2022-07-13', '2022-05-05')
       , (57, 'fkaa', 'In est risus, auctor sed, tristique in, tempus sit amet, sem.', 'Spiers', 'Walework', '2022-10-10', '2022-05-03')
       , (37, 'fkaa', 'Quisque arcu libero, rutrum ac, lobortis vel, dapibus at, diam.', 'Leney', 'Olifard', '2022-03-05', '2022-05-18')
       , (27, 'fkaa', 'Curabitur in libero ut massa volutpat convallis.', 'Headly', 'Ramshaw', '2022-12-04', '2022-04-23')
       , (117, 'fkaa', 'Quisque erat eros, viverra eget, congue eget, semper rutrum, nulla.', 'Beeching', 'Lunk', '2022-09-02', '2022-05-17')
       , (100, 'fkaa', 'In sagittis dui vel nisl.', 'Bethell', 'Lazenby', '2022-06-30', '2023-02-11')
       , (55, 'fkaa', 'Cras mi pede, malesuada in, imperdiet et, commodo vulputate, justo.', 'Hexum', 'Pullin', '2022-12-11', '2022-09-24')
       , (63, 'fkaa', 'Sed vel enim sit amet nunc viverra dapibus.', 'Coch', 'Petracek', '2022-03-12', '2022-05-25')
       , (90, 'fkaa', 'Morbi odio odio, elementum eu, interdum eu, tincidunt in, leo.', 'Ridpath', 'Drohan', '2022-09-27', '2022-11-23')
       , (117, 'fkaa', 'Vestibulum ac est lacinia nisi venenatis tristique.', 'Massel', 'Mourant', '2022-08-24', '2022-11-28')
       , (95, 'fkaa', 'Fusce congue, diam id ornare imperdiet, sapien urna pretium nisl, ut volutpat sapien arcu sed augue.', 'Banville', 'Stanistreet', '2022-04-18', '2022-06-18')
       , (95, 'fkaa', 'Donec quis orci eget orci vehicula condimentum.', 'Bonn', 'Harrop', '2022-11-10', '2022-05-20')
       , (90, 'fkaa', 'Duis bibendum, felis sed interdum venenatis, turpis enim blandit mi, in porttitor pede justo eu massa.', 'Abrahamsohn', 'Marjanovic', '2022-08-14', '2022-07-26')
       , (85, 'fkaa', 'Curabitur convallis.', 'McPhillips', 'Shere', '2023-02-15', '2022-07-05')
       , (110, 'fkaa', 'Quisque arcu libero, rutrum ac, lobortis vel, dapibus at, diam.', 'Witcher', 'Gilbertson', '2022-09-27', '2022-03-10')
       , (86, 'fkaa', 'Quisque ut erat.', 'Morad', 'Crab', '2022-04-20', '2022-06-19')
       , (11, 'fkaa', 'Vivamus in felis eu sapien cursus vestibulum.', 'Huggon', 'Brabban', '2022-04-22', '2022-05-29')
       , (117, 'fkaa', 'Etiam vel augue.', 'Rickert', 'Feron', '2022-09-23', '2022-04-05')
       , (29, 'fkaa', 'Donec diam neque, vestibulum eget, vulputate ut, ultrices vel, augue.', 'Antram', 'McKeggie', '2022-08-19', '2023-01-28')
       , (42, 'fkaa', 'Integer a nibh.', 'Rosenauer', 'Gentle', '2022-08-01', '2022-10-22')
       , (100, 'fkaa', 'Maecenas pulvinar lobortis est.', 'Drinkel', 'Parkhouse', '2022-08-21', '2022-06-22')
       , (67, 'fkaa', 'Nulla neque libero, convallis eget, eleifend luctus, ultricies eu, nibh.', 'Clara', 'Ecles', '2022-07-12', '2022-05-25')
       , (26, 'fkaa', 'Duis bibendum, felis sed interdum venenatis, turpis enim blandit mi, in porttitor pede justo eu massa.', 'Martel', 'Moylan', '2023-01-25', '2023-01-19')
       , (62, 'fkaa', 'Curabitur convallis.', 'Cawthery', 'Piet', '2022-12-20', '2022-08-12')
       , (75, 'fkaa', 'Cras mi pede, malesuada in, imperdiet et, commodo vulputate, justo.', 'Danielsson', 'Gaddas', '2022-10-24', '2022-03-05')
       , (111, 'fkaa', 'Nunc purus.', 'Ipplett', 'Bernade', '2022-04-19', '2022-04-19')
       , (44, 'fkaa', 'Suspendisse potenti.', 'D''Enrico', 'Bremen', '2022-02-25', '2022-08-16')
       , (112, 'fkaa', 'Nullam varius.', 'Treker', 'Daborne', '2022-03-28', '2023-02-05')
       , (123, 'fkaa', 'Morbi a ipsum.', 'Maun', 'Fourman', '2022-10-20', '2022-08-01')
       , (89, 'fkaa', 'Cras in purus eu magna vulputate luctus.', 'Domleo', 'Cartner', '2022-07-10', '2022-06-17')
       , (73, 'fkaa', 'Quisque id justo sit amet sapien dignissim vestibulum.', 'Barford', 'Mohammed', '2022-08-10', '2022-10-23')
       , (21, 'fkaa', 'Nulla tempus.', 'Spalding', 'Waddilove', '2022-10-15', '2022-06-17')
       , (40, 'fkaa', 'Aliquam sit amet diam in magna bibendum imperdiet.', 'Radcliffe', 'Gilvear', '2023-02-15', '2022-05-31')
       , (94, 'fkaa', 'Quisque ut erat.', 'Sighart', 'Wagen', '2022-04-06', '2022-04-23')
       , (18, 'fkaa', 'In est risus, auctor sed, tristique in, tempus sit amet, sem.', 'Dumper', 'Prangle', '2022-04-06', '2022-12-10')
       , (28, 'fkaa', 'Integer tincidunt ante vel ipsum.', 'Fowley', 'Commuzzo', '2022-04-22', '2022-09-09')
       , (37, 'fkaa', 'Suspendisse ornare consequat lectus.', 'Kegan', 'Baron', '2023-01-08', '2023-02-03')
       , (118, 'fkaa', 'Quisque arcu libero, rutrum ac, lobortis vel, dapibus at, diam.', 'Sloss', 'Coxall', '2023-02-17', '2022-06-07')
       , (62, 'fkaa', 'Nam nulla.', 'Gonnin', 'Puckinghorne', '2022-03-29', '2022-03-31')
       , (66, 'fkaa', 'Integer pede justo, lacinia eget, tincidunt eget, tempus vel, pede.', 'Hurler', 'Cromb', '2022-10-21', '2022-03-10')
       , (101, 'fkaa', 'Nulla suscipit ligula in lacus.', 'Bridywater', 'Guiot', '2023-01-09', '2022-07-07')
       , (16, 'fkaa', 'Pellentesque viverra pede ac diam.', 'Du Fray', 'Stoile', '2022-06-20', '2022-04-25')
       , (27, 'fkaa', 'Donec ut dolor.', 'Castelletti', 'Thurby', '2022-08-04', '2022-07-19')
       , (35, 'fkaa', 'In tempor, turpis nec euismod scelerisque, quam turpis adipiscing lorem, vitae mattis nibh ligula nec sem.', 'Coppock.', 'McFadzean', '2022-12-18', '2022-12-08')
       , (34, 'fkaa', 'Morbi ut odio.', 'Langston', 'O''Concannon', '2022-09-22', '2022-06-06')
       , (12, 'fkaa', 'Duis consequat dui nec nisi volutpat eleifend.', 'Esherwood', 'Larver', '2022-10-03', '2022-10-08')
       , (71, 'fkaa', 'Morbi odio odio, elementum eu, interdum eu, tincidunt in, leo.', 'Coyne', 'Screach', '2023-01-02', '2022-09-04')
       , (41, 'fkaa', 'Maecenas tristique, est et tempus semper, est quam pharetra magna, ac consequat metus sapien ut nunc.', 'Izat', 'Rainville', '2022-06-22', '2022-11-03')
       , (6, 'fkaa', 'Duis bibendum, felis sed interdum venenatis, turpis enim blandit mi, in porttitor pede justo eu massa.', 'Goldine', 'Dumelow', '2022-06-14', '2022-10-13')
       , (98, 'fkaa', 'Etiam faucibus cursus urna.', 'Vitler', 'Lattin', '2022-11-30', '2022-10-11')
       , (14, 'fkaa', 'Nulla mollis molestie lorem.', 'Stearley', 'Purver', '2022-08-08', '2022-11-22')
       , (122, 'fkaa', 'Aliquam augue quam, sollicitudin vitae, consectetuer eget, rutrum at, lorem.', 'Dinley', 'Ashness', '2022-12-14', '2022-07-24')
       , (80, 'fkaa', 'In est risus, auctor sed, tristique in, tempus sit amet, sem.', 'Monte', 'Screeton', '2022-06-21', '2023-01-04')
       , (66, 'fkaa', 'Praesent lectus.', 'Flacke', 'Blanking', '2023-01-20', '2022-06-27')
       , (54, 'fkaa', 'Nam congue, risus semper porta volutpat, quam pede lobortis ligula, sit amet eleifend pede libero quis orci.', 'Sivell', 'Cowdery', '2022-04-24', '2022-06-07')
       , (43, 'fkaa', 'Donec odio justo, sollicitudin ut, suscipit a, feugiat et, eros.', 'Tunnah', 'Suddards', '2022-11-27', '2022-05-19')
       , (14, 'fkaa', 'Proin at turpis a pede posuere nonummy.', 'Sickert', 'Navein', '2023-02-06', '2022-09-07')
       , (83, 'fkaa', 'Mauris enim leo, rhoncus sed, vestibulum sit amet, cursus id, turpis.', 'Udall', 'Girvin', '2022-09-15', '2022-11-12')
       , (93, 'fkaa', 'In blandit ultrices enim.', 'Musgrove', 'Jakubski', '2022-06-10', '2023-02-16')
       , (34, 'fkaa', 'Nullam molestie nibh in lectus.', 'Tethcote', 'Haucke', '2022-05-13', '2022-05-24')
       , (28, 'fkaa', 'Suspendisse potenti.', 'Wall', 'Wellen', '2022-10-16', '2022-10-10')
       , (50, 'fkaa', 'Duis bibendum.', 'Simonelli', 'Haacker', '2022-06-12', '2022-10-27')
       , (93, 'fkaa', 'Etiam pretium iaculis justo.', 'Gagin', 'Stanyan', '2023-01-04', '2022-03-15')
       , (101, 'fkaa', 'Lorem ipsum dolor sit amet, consectetuer adipiscing elit.', 'Levins', 'Ortelt', '2022-06-01', '2022-07-23')
       , (41, 'fkaa', 'Nullam molestie nibh in lectus.', 'Kliemchen', 'Papen', '2022-12-23', '2022-08-14')
       , (24, 'fkaa', 'In eleifend quam a odio.', 'Rowbottom', 'Spadari', '2022-08-16', '2022-04-23')
       , (116, 'fkaa', 'Suspendisse accumsan tortor quis turpis.', 'Vosse', 'Rust', '2022-05-24', '2022-05-09')
       , (2, 'fkaa', 'Nulla ac enim.', 'Bratt', 'Chippendale', '2022-12-29', '2022-06-24')
       , (62, 'fkaa', 'Cras mi pede, malesuada in, imperdiet et, commodo vulputate, justo.', 'Pirnie', 'Colvine', '2022-12-19', '2022-05-25')
       , (51, 'fkaa', 'Suspendisse potenti.', 'Ryal', 'Ghidotti', '2022-10-31', '2022-04-16')
       , (27, 'fkaa', 'Morbi a ipsum.', 'Shiel', 'Verny', '2023-01-26', '2022-10-21')
       , (42, 'fkaa', 'Curabitur in libero ut massa volutpat convallis.', 'Grotty', 'Shawe', '2022-11-26', '2023-02-04')
       , (79, 'fkaa', 'Aenean fermentum.', 'Faivre', 'Lief', '2022-05-30', '2022-03-03')
       , (65, 'fkaa', 'Aliquam erat volutpat.', 'Fretwell', 'Cluely', '2022-08-16', '2023-02-07')
       , (66, 'fkaa', 'Aliquam sit amet diam in magna bibendum imperdiet.', 'Dunniom', 'Oldfield', '2022-03-01', '2022-10-04')
       , (16, 'fkaa', 'Proin interdum mauris non ligula pellentesque ultrices.', 'Mallindine', 'Yglesia', '2022-04-14', '2022-07-10')
       , (107, 'fkaa', 'Suspendisse potenti.', 'McSporrin', 'Del Monte', '2022-12-01', '2023-01-01')
       , (22, 'fkaa', 'Sed accumsan felis.', 'Raspel', 'Paolillo', '2022-03-20', '2022-05-20')
       , (87, 'fkaa', 'Morbi porttitor lorem id ligula.', 'Fonteyne', 'Taffarello', '2023-01-17', '2022-09-10')
       , (55, 'fkaa', 'Nunc purus.', 'Mulcahy', 'Rowbottam', '2022-10-01', '2023-02-08')
       , (85, 'fkaa', 'Phasellus id sapien in sapien iaculis congue.', 'Mateu', 'Heimes', '2022-03-24', '2022-08-21')
       , (31, 'fkaa', 'Duis aliquam convallis nunc.', 'Witter', 'Mougeot', '2022-05-31', '2022-11-10')
       , (79, 'fkaa', 'Sed accumsan felis.', 'Way', 'Beirne', '2022-12-04', '2022-10-26')
       , (30, 'fkaa', 'Lorem ipsum dolor sit amet, consectetuer adipiscing elit.', 'MacCoughen', 'Piele', '2022-07-11', '2022-08-10')
       , (19, 'fkaa', 'Sed ante.', 'Schwandermann', 'Gueste', '2022-10-26', '2022-03-30')
       , (63, 'fkaa', 'Quisque arcu libero, rutrum ac, lobortis vel, dapibus at, diam.', 'Luesley', 'Cottrell', '2022-11-30', '2023-01-25')
       , (29, 'fkaa', 'Nulla ut erat id mauris vulputate elementum.', 'Wort', 'Hodcroft', '2022-03-16', '2022-10-07')
       , (26, 'fkaa', 'Nulla ut erat id mauris vulputate elementum.', 'Kaman', 'Antushev', '2022-10-22', '2022-10-11')
       , (110, 'fkaa', 'Aliquam non mauris.', 'Hoyland', 'Rudd', '2023-02-08', '2022-05-29')
       , (17, 'fkaa', 'Cras pellentesque volutpat dui.', 'O''Geaney', 'Van der Kruis', '2022-02-28', '2022-09-26')
       , (102, 'fkaa', 'Duis bibendum, felis sed interdum venenatis, turpis enim blandit mi, in porttitor pede justo eu massa.', 'Ryman', 'Muxworthy', '2023-02-14', '2022-04-24')
       , (38, 'fkaa', 'Suspendisse potenti.', 'Gludor', 'Francescone', '2022-09-02', '2022-12-25')
       , (69, 'fkaa', 'In hac habitasse platea dictumst.', 'McGurn', 'Oyley', '2022-03-05', '2022-05-27')
       , (18, 'fkaa', 'Cras in purus eu magna vulputate luctus.', 'Brookzie', 'Gerold', '2022-08-11', '2022-05-28')
       , (107, 'fkaa', 'Integer aliquet, massa id lobortis convallis, tortor risus dapibus augue, vel accumsan tellus nisi eu orci.', 'Lindholm', 'Magill', '2022-05-28', '2022-04-26')
       , (11, 'fkaa', 'Sed ante.', 'Duthie', 'Moreinu', '2022-04-03', '2022-06-20')
       , (71, 'fkaa', 'Morbi odio odio, elementum eu, interdum eu, tincidunt in, leo.', 'Alforde', 'Kybbye', '2022-10-19', '2023-01-02')
       , (13, 'fkaa', 'Maecenas ut massa quis augue luctus tincidunt.', 'Stammler', 'Ion', '2023-01-17', '2022-07-19')
       , (85, 'fkaa', 'Nullam molestie nibh in lectus.', 'Cowope', 'Olliff', '2022-05-21', '2022-12-10')
       , (28, 'fkaa', 'Phasellus id sapien in sapien iaculis congue.', 'Alelsandrovich', 'Skitral', '2022-03-07', '2022-07-25')
       , (54, 'fkaa', 'Lorem ipsum dolor sit amet, consectetuer adipiscing elit.', 'Mazin', 'Phelipeau', '2022-07-31', '2022-05-23')
       , (47, 'fkaa', 'Quisque porta volutpat erat.', 'Malbon', 'Hurling', '2022-09-25', '2022-06-24')
       , (22, 'fkaa', 'Donec diam neque, vestibulum eget, vulputate ut, ultrices vel, augue.', 'Bruniges', 'Reckus', '2022-05-02', '2022-04-26')
       , (43, 'fkaa', 'Integer aliquet, massa id lobortis convallis, tortor risus dapibus augue, vel accumsan tellus nisi eu orci.', 'Hartmann', 'Foskett', '2023-01-03', '2022-07-12')
       , (90, 'fkaa', 'Nulla tempus.', 'Tabourin', 'Calver', '2022-02-27', '2022-09-19')
       , (109, 'fkaa', 'Praesent id massa id nisl venenatis lacinia.', 'Sandom', 'Manterfield', '2022-11-16', '2022-08-10')
       , (46, 'fkaa', 'Pellentesque ultrices mattis odio.', 'Hegges', 'Hay', '2023-01-19', '2022-07-25')
       , (9, 'fkaa', 'Duis ac nibh.', 'Moncaster', 'Colles', '2022-11-20', '2022-04-24')
       , (13, 'fkaa', 'In sagittis dui vel nisl.', 'Gilks', 'Battell', '2022-05-19', '2023-02-03')
       , (110, 'fkaa', 'Maecenas tristique, est et tempus semper, est quam pharetra magna, ac consequat metus sapien ut nunc.', 'Rayman', 'Revey', '2022-03-28', '2023-01-29')
       , (33, 'fkaa', 'Praesent blandit lacinia erat.', 'Ruperto', 'Lamball', '2022-10-25', '2022-07-01')
       , (2, 'fkaa', 'Ut at dolor quis odio consequat varius.', 'Jerams', 'Westover', '2023-02-03', '2022-10-20')
       , (50, 'fkaa', 'Vestibulum ante ipsum primis in faucibus orci luctus et ultrices posuere cubilia Curae; Donec pharetra, magna vestibulum aliquet ultrices, erat tortor sollicitudin mi, sit amet lobortis sapien sapien non mi.', 'Walford', 'Diggin', '2022-08-08', '2022-08-04')
       , (98, 'fkaa', 'Etiam faucibus cursus urna.', 'Tivolier', 'Rushbrook', '2022-12-26', '2022-11-23')
       , (47, 'fkaa', 'Morbi porttitor lorem id ligula.', 'Ambrois', 'Glencorse', '2022-12-21', '2023-01-31')
       , (16, 'fkaa', 'Vivamus metus arcu, adipiscing molestie, hendrerit at, vulputate vitae, nisl.', 'Clooney', 'Fairpo', '2022-07-16', '2022-04-23')
       , (38, 'fkaa', 'Curabitur gravida nisi at nibh.', 'Beckmann', 'McUre', '2023-01-26', '2022-10-15')
       , (113, 'fkaa', 'In sagittis dui vel nisl.', 'Tansly', 'Zorener', '2022-08-30', '2022-11-18')
       , (112, 'fkaa', 'Aliquam erat volutpat.', 'Seabrocke', 'Knolles-Green', '2022-08-02', '2022-10-31')
       , (8, 'fkaa', 'Curabitur at ipsum ac tellus semper interdum.', 'Doornbos', 'Newbery', '2022-03-01', '2022-07-25')
       , (46, 'fkaa', 'Morbi vel lectus in quam fringilla rhoncus.', 'Pfeuffer', 'Bruhnsen', '2023-02-02', '2022-07-31')
       , (38, 'fkaa', 'In quis justo.', 'Royste', 'Habbal', '2022-10-11', '2022-04-25')
       , (23, 'fkaa', 'Maecenas pulvinar lobortis est.', 'Peegrem', 'Roughey', '2022-04-25', '2022-04-21')
       , (93, 'fkaa', 'Phasellus in felis.', 'Ibotson', 'Betke', '2022-08-01', '2022-05-02')
       , (33, 'fkaa', 'Mauris ullamcorper purus sit amet nulla.', 'Meier', 'Turfes', '2022-07-19', '2022-11-09')
       , (109, 'fkaa', 'Maecenas ut massa quis augue luctus tincidunt.', 'Muddimer', 'Rimmington', '2022-04-05', '2022-05-25')
       , (57, 'fkaa', 'Cras non velit nec nisi vulputate nonummy.', 'Jerrans', 'Wyley', '2022-12-06', '2022-07-25')
       , (97, 'fkaa', 'Fusce posuere felis sed lacus.', 'Di Carlo', 'Lillico', '2023-02-03', '2022-10-18')
       , (90, 'fkaa', 'Praesent id massa id nisl venenatis lacinia.', 'Monteith', 'Sidebottom', '2022-07-09', '2022-10-01')
       , (18, 'fkaa', 'In hac habitasse platea dictumst.', 'Ginty', 'Downey', '2022-12-10', '2022-11-12')
       , (12, 'fkaa', 'In hac habitasse platea dictumst.', 'Dalglish', 'Follows', '2022-02-28', '2022-04-06')
       , (30, 'fkaa', 'Pellentesque eget nunc.', 'Tytterton', 'Ciccotti', '2022-09-02', '2022-06-24')
       , (83, 'fkaa', 'Morbi odio odio, elementum eu, interdum eu, tincidunt in, leo.', 'Greggor', 'Mussett', '2022-04-08', '2022-03-28')
       , (62, 'fkaa', 'Integer a nibh.', 'Chasmer', 'Eloy', '2022-05-09', '2022-09-21')
       , (104, 'fkaa', 'Donec posuere metus vitae ipsum.', 'Henricsson', 'Mercy', '2022-04-20', '2023-01-11')
       , (6, 'fkaa', 'Vivamus vel nulla eget eros elementum pellentesque.', 'Shafier', 'Baitey', '2022-12-29', '2022-09-02')
       , (35, 'fkaa', 'Integer non velit.', 'Holstein', 'Sirl', '2022-06-02', '2022-06-06')
       , (46, 'fkaa', 'Proin leo odio, porttitor id, consequat in, consequat ut, nulla.', 'Kinman', 'Rachuig', '2022-08-23', '2022-12-24')
       , (83, 'fkaa', 'Curabitur at ipsum ac tellus semper interdum.', 'Putman', 'Mityushin', '2022-02-24', '2022-03-25')
       , (91, 'fkaa', 'Nunc purus.', 'De Filippo', 'Champerlen', '2022-03-06', '2022-09-07')
       , (103, 'fkaa', 'Fusce consequat.', 'Braven', 'Rohan', '2022-03-29', '2023-01-10')
       , (58, 'fkaa', 'Proin leo odio, porttitor id, consequat in, consequat ut, nulla.', 'Ingleby', 'Sharkey', '2022-10-11', '2022-11-23')
       , (23, 'fkaa', 'Nam tristique tortor eu pede.', 'Teese', 'New', '2022-10-22', '2022-03-02')
       , (52, 'fkaa', 'Nam nulla.', 'McArte', 'Truman', '2022-06-30', '2022-04-17')
       , (68, 'fkaa', 'Mauris ullamcorper purus sit amet nulla.', 'Marcroft', 'Baumadier', '2022-07-22', '2022-03-11')
       , (12, 'fkaa', 'Fusce lacus purus, aliquet at, feugiat non, pretium quis, lectus.', 'Felgat', 'Comford', '2023-01-05', '2022-03-14')
       , (47, 'fkaa', 'In hac habitasse platea dictumst.', 'Brentnall', 'Paunton', '2022-08-07', '2023-02-10')
       , (82, 'fkaa', 'Donec dapibus.', 'Broadbridge', 'Lighten', '2022-12-29', '2022-12-14')
       , (121, 'fkaa', 'Nulla neque libero, convallis eget, eleifend luctus, ultricies eu, nibh.', 'Staff', 'Cadden', '2022-05-20', '2022-04-26')
       , (94, 'fkaa', 'Duis at velit eu est congue elementum.', 'MacGinley', 'Moggle', '2023-01-08', '2022-12-08')
       , (18, 'fkaa', 'Etiam justo.', 'Prydie', 'Medforth', '2022-05-01', '2023-02-07')
       , (105, 'fkaa', 'Proin risus.', 'Gerritsma', 'Lucian', '2022-04-27', '2022-03-05')
       , (110, 'fkaa', 'Sed accumsan felis.', 'Borham', 'Jerrand', '2022-11-08', '2023-02-01')
       , (102, 'fkaa', 'Proin leo odio, porttitor id, consequat in, consequat ut, nulla.', 'Hiner', 'Marzelli', '2022-07-18', '2022-10-04')
       , (85, 'fkaa', 'Nullam orci pede, venenatis non, sodales sed, tincidunt eu, felis.', 'Wheldon', 'Moniker', '2022-10-28', '2022-11-02')
       , (46, 'fkaa', 'Nam dui.', 'Devericks', 'Loveitt', '2022-04-29', '2022-03-14')
       , (33, 'fkaa', 'Nullam sit amet turpis elementum ligula vehicula consequat.', 'Parlot', 'Inchan', '2022-05-03', '2023-02-02')
       , (92, 'fkaa', 'Praesent lectus.', 'Stockford', 'Christaeas', '2022-11-20', '2022-07-26')
       , (106, 'fkaa', 'Nunc purus.', 'Feakins', 'Lidgey', '2022-07-28', '2022-06-15')
       , (52, 'fkaa', 'Vestibulum rutrum rutrum neque.', 'Lombard', 'Treagust', '2022-12-05', '2022-05-27')
       , (52, 'fkaa', 'Nulla tellus.', 'Hamm', 'Kruschev', '2022-10-06', '2022-08-08')
       , (76, 'fkaa', 'Donec posuere metus vitae ipsum.', 'Greendale', 'Lathom', '2022-03-21', '2023-02-20')
       , (5, 'fkaa', 'Cum sociis natoque penatibus et magnis dis parturient montes, nascetur ridiculus mus.', 'Caso', 'MacDonald', '2022-12-05', '2023-01-12')
       , (77, 'fkaa', 'Nunc rhoncus dui vel sem.', 'Chippindale', 'Toffel', '2022-09-01', '2022-03-20')
       , (54, 'fkaa', 'Nam dui.', 'Guise', 'Saggs', '2022-04-30', '2022-05-24')
       , (69, 'fkaa', 'Proin interdum mauris non ligula pellentesque ultrices.', 'Flippen', 'McKeggie', '2022-12-17', '2022-09-19')
       , (103, 'fkaa', 'Vestibulum sed magna at nunc commodo placerat.', 'Howbrook', 'Shallow', '2022-05-04', '2022-09-15')
       , (26, 'fkaa', 'Nulla facilisi.', 'Jirik', 'Jaggard', '2022-07-17', '2023-01-21')
       , (55, 'fkaa', 'Aenean fermentum.', 'Basilio', 'Gonthier', '2022-12-28', '2022-08-14')
       , (14, 'fkaa', 'Vestibulum ante ipsum primis in faucibus orci luctus et ultrices posuere cubilia Curae; Mauris viverra diam vitae quam.', 'Petyanin', 'Honsch', '2022-12-24', '2022-09-11')
       , (119, 'fkaa', 'Duis at velit eu est congue elementum.', 'Boustred', 'MacGilpatrick', '2022-09-18', '2022-03-27')
       , (85, 'fkaa', 'Sed accumsan felis.', 'Vida', 'McBride', '2022-04-21', '2022-06-14')
       , (103, 'fkaa', 'Duis aliquam convallis nunc.', 'Mountney', 'Wanstall', '2022-03-26', '2022-09-20')
       , (57, 'fkaa', 'In blandit ultrices enim.', 'Booij', 'Shirlaw', '2022-03-13', '2022-04-04')
       , (95, 'fkaa', 'Lorem ipsum dolor sit amet, consectetuer adipiscing elit.', 'Aldren', 'Chainey', '2022-03-24', '2022-03-18')
       , (86, 'fkaa', 'Vivamus tortor.', 'O''Neal', 'Guesford', '2022-07-10', '2022-03-14')
       , (82, 'fkaa', 'Duis aliquam convallis nunc.', 'Dodworth', 'Sedgemond', '2022-03-27', '2022-06-21')
       , (52, 'fkaa', 'Aenean sit amet justo.', 'Lawless', 'Meenan', '2022-09-08', '2022-09-24')
       , (39, 'fkaa', 'Nam dui.', 'Gallemore', 'Kellen', '2022-07-18', '2022-10-09')
       , (27, 'fkaa', 'Vestibulum ante ipsum primis in faucibus orci luctus et ultrices posuere cubilia Curae; Mauris viverra diam vitae quam.', 'Fogg', 'Fairfoot', '2022-04-16', '2022-04-19')
       , (81, 'fkaa', 'Pellentesque ultrices mattis odio.', 'Doding', 'Laurentino', '2022-03-06', '2022-10-23')
       , (35, 'fkaa', 'Quisque arcu libero, rutrum ac, lobortis vel, dapibus at, diam.', 'Davoren', 'Dunsford', '2022-08-29', '2022-09-01')
       , (10, 'fkaa', 'Donec dapibus.', 'Braithwaite', 'Prew', '2022-03-04', '2022-10-26')
       , (33, 'fkaa', 'Etiam pretium iaculis justo.', 'Grievson', 'Whitcombe', '2023-02-09', '2022-05-11')
       , (121, 'fkaa', 'Nulla suscipit ligula in lacus.', 'Fusco', 'Josefsohn', '2022-12-14', '2022-05-21')
       , (24, 'fkaa', 'Ut at dolor quis odio consequat varius.', 'O''Fallon', 'Byrd', '2023-01-13', '2022-10-05')
       , (40, 'fkaa', 'Vestibulum ante ipsum primis in faucibus orci luctus et ultrices posuere cubilia Curae; Nulla dapibus dolor vel est.', 'Trude', 'Grills', '2022-05-31', '2022-11-29')
       , (46, 'fkaa', 'Vestibulum rutrum rutrum neque.', 'Bes', 'Danelut', '2023-01-06', '2022-04-29')
       , (1, 'fkaa', 'Vestibulum quam sapien, varius ut, blandit non, interdum in, ante.', 'Yusupov', 'Turri', '2022-10-29', '2022-08-02')
       , (109, 'fkaa', 'Mauris sit amet eros.', 'Biggar', 'Bunney', '2022-10-05', '2022-06-27')
       , (79, 'fkaa', 'In eleifend quam a odio.', 'Dolden', 'Lyons', '2022-09-11', '2022-07-02')
       , (116, 'fkaa', 'Morbi quis tortor id nulla ultrices aliquet.', 'Pogosian', 'Pollicott', '2022-06-18', '2023-02-08')
       , (16, 'fkaa', 'Nunc nisl.', 'Gulliman', 'Esslement', '2022-08-30', '2022-03-14')
       , (91, 'fkaa', 'Suspendisse potenti.', 'Ambroix', 'Yockley', '2022-10-22', '2022-11-03')
       , (121, 'fkaa', 'Vestibulum ante ipsum primis in faucibus orci luctus et ultrices posuere cubilia Curae; Nulla dapibus dolor vel est.', 'Sayward', 'Ribou', '2022-03-21', '2022-11-12')
       , (17, 'fkaa', 'Cum sociis natoque penatibus et magnis dis parturient montes, nascetur ridiculus mus.', 'Fountaine', 'Whaites', '2022-05-16', '2022-06-18')
       , (27, 'fkaa', 'Nulla mollis molestie lorem.', 'Ashness', 'Diggell', '2022-11-15', '2022-07-28')
       , (32, 'fkaa', 'Vivamus vel nulla eget eros elementum pellentesque.', 'Needs', 'Dysart', '2023-01-01', '2023-01-13')
       , (71, 'fkaa', 'Nulla justo.', 'Belf', 'Renzini', '2022-03-05', '2022-12-02')
       , (78, 'fkaa', 'Aenean lectus.', 'McNelly', 'Zimek', '2022-11-30', '2022-03-12')
       , (63, 'fkaa', 'Ut tellus.', 'Dod', 'Beake', '2022-06-17', '2022-03-11')
       , (9, 'fkaa', 'Pellentesque at nulla.', 'Colvin', 'Eton', '2022-09-26', '2022-04-25')
       , (41, 'fkaa', 'Maecenas rhoncus aliquam lacus.', 'Cuell', 'MacCafferty', '2022-03-14', '2022-05-27')
       , (96, 'fkaa', 'Mauris ullamcorper purus sit amet nulla.', 'Bakesef', 'Bentote', '2022-10-18', '2022-09-23')
       , (65, 'fkaa', 'Vestibulum ante ipsum primis in faucibus orci luctus et ultrices posuere cubilia Curae; Mauris viverra diam vitae quam.', 'Egdell', 'Barbisch', '2022-10-13', '2022-04-13')
       , (41, 'fkaa', 'Vestibulum quam sapien, varius ut, blandit non, interdum in, ante.', 'Gilhespy', 'Hodgon', '2022-12-28', '2023-02-20')
       , (26, 'fkaa', 'Nam ultrices, libero non mattis pulvinar, nulla pede ullamcorper augue, a suscipit nulla elit ac nulla.', 'Kondratowicz', 'Lowrey', '2023-02-07', '2022-06-10')
       , (71, 'fkaa', 'Suspendisse potenti.', 'Bang', 'Sharpous', '2023-02-15', '2022-11-11')
       , (38, 'fkaa', 'Vestibulum ac est lacinia nisi venenatis tristique.', 'Issitt', 'Jevon', '2023-02-16', '2022-11-11')
       , (42, 'fkaa', 'Praesent blandit lacinia erat.', 'Downes', 'Jersh', '2022-12-06', '2023-01-17')
       , (39, 'fkaa', 'Vestibulum ante ipsum primis in faucibus orci luctus et ultrices posuere cubilia Curae; Nulla dapibus dolor vel est.', 'Berrisford', 'Abbatt', '2022-04-19', '2022-10-01')
       , (112, 'fkaa', 'Aliquam quis turpis eget elit sodales scelerisque.', 'Leishman', 'Riddall', '2023-02-21', '2022-06-11')
       , (66, 'fkaa', 'In hac habitasse platea dictumst.', 'McClancy', 'Sink', '2023-01-27', '2022-03-27')
       , (81, 'fkaa', 'Duis ac nibh.', 'Rigts', 'MacGiany', '2022-12-15', '2022-03-24')
       , (37, 'fkaa', 'Duis ac nibh.', 'Cure', 'Barthel', '2022-06-21', '2022-03-11')
       , (123, 'fkaa', 'Proin interdum mauris non ligula pellentesque ultrices.', 'Gooda', 'Uttermare', '2022-12-26', '2022-06-13')
       , (67, 'fkaa', 'Integer ac leo.', 'Burrel', 'De La Hay', '2023-02-21', '2022-09-22')
       , (9, 'fkaa', 'Morbi porttitor lorem id ligula.', 'Martellini', 'Benediktovich', '2023-02-04', '2022-11-24')
       , (45, 'fkaa', 'Praesent blandit.', 'Piwall', 'Cordelette', '2022-03-24', '2022-09-29')
       , (97, 'fkaa', 'Nulla mollis molestie lorem.', 'Ricards', 'Nockolds', '2022-10-25', '2022-12-10')
       , (87, 'fkaa', 'Nulla mollis molestie lorem.', 'Brunroth', 'Kesteven', '2022-09-27', '2022-09-26')
       , (14, 'fkaa', 'Curabitur in libero ut massa volutpat convallis.', 'Cristobal', 'Argent', '2022-10-15', '2022-04-22')
       , (70, 'fkaa', 'In tempor, turpis nec euismod scelerisque, quam turpis adipiscing lorem, vitae mattis nibh ligula nec sem.', 'Rearie', 'Achrameev', '2022-07-16', '2022-12-09')
       , (32, 'fkaa', 'Vestibulum ac est lacinia nisi venenatis tristique.', 'Valler', 'Venny', '2022-11-20', '2022-06-12')
       , (47, 'fkaa', 'Morbi a ipsum.', 'Wilbore', 'Hillyatt', '2022-11-29', '2022-08-31')
       , (5, 'fkaa', 'Nulla nisl.', 'Risebarer', 'Kettlestringe', '2022-04-05', '2022-12-07')
       , (56, 'fkaa', 'Nam dui.', 'Bowkett', 'Tithecote', '2022-06-13', '2022-10-26')
       , (95, 'fkaa', 'Donec dapibus.', 'Helwig', 'Hoyes', '2022-06-19', '2022-12-05')
       , (41, 'fkaa', 'Nulla justo.', 'Melly', 'Yandle', '2022-07-18', '2022-06-12')
       , (13, 'fkaa', 'In hac habitasse platea dictumst.', 'Mincher', 'Jenking', '2022-03-28', '2023-02-08')
       , (122, 'fkaa', 'In sagittis dui vel nisl.', 'Salerno', 'Bramsen', '2022-06-29', '2023-01-17')
       , (54, 'fkaa', 'Donec posuere metus vitae ipsum.', 'Fishley', 'Newstead', '2022-11-20', '2022-10-10')
       , (111, 'fkaa', 'Morbi non lectus.', 'Hargraves', 'Fattori', '2022-05-03', '2022-10-05')
       , (58, 'fkaa', 'Sed vel enim sit amet nunc viverra dapibus.', 'Brake', 'Cotherill', '2022-08-17', '2022-06-09')
       , (84, 'fkaa', 'Nullam varius.', 'Marwood', 'Ventam', '2022-11-18', '2022-08-29')
       , (44, 'fkaa', 'Nam dui.', 'Corrison', 'Corzon', '2022-12-31', '2022-04-17')
       , (75, 'fkaa', 'Vivamus vel nulla eget eros elementum pellentesque.', 'Absalom', 'Michel', '2023-02-15', '2022-12-04')
       , (104, 'fkaa', 'Cras non velit nec nisi vulputate nonummy.', 'Kleinmann', 'Barnewall', '2022-09-23', '2022-07-07')
       , (24, 'fkaa', 'Maecenas pulvinar lobortis est.', 'O''Currane', 'Pitkeathly', '2022-07-30', '2022-03-20')
       , (102, 'fkaa', 'Nulla tellus.', 'Orgel', 'Gwalter', '2022-06-02', '2022-08-01')
       , (65, 'fkaa', 'Quisque porta volutpat erat.', 'Carden', 'Mathely', '2022-11-25', '2022-02-23')
       , (67, 'fkaa', 'Nullam porttitor lacus at turpis.', 'Riccio', 'Kuller', '2022-08-04', '2022-11-02')
       , (94, 'fkaa', 'Donec quis orci eget orci vehicula condimentum.', 'Roberto', 'Pepon', '2022-09-15', '2022-09-02')
       , (96, 'fkaa', 'Nulla nisl.', 'Brusby', 'Marde', '2022-04-26', '2022-10-12')
       , (58, 'fkaa', 'Aenean lectus.', 'Goodlake', 'Dew', '2023-01-28', '2022-12-03')
       , (100, 'fkaa', 'Integer aliquet, massa id lobortis convallis, tortor risus dapibus augue, vel accumsan tellus nisi eu orci.', 'Dean', 'Larratt', '2022-06-05', '2022-06-03')
       , (105, 'fkaa', 'Suspendisse potenti.', 'Fozzard', 'Lurner', '2022-09-18', '2023-01-02')
       , (58, 'fkaa', 'Vestibulum ante ipsum primis in faucibus orci luctus et ultrices posuere cubilia Curae; Nulla dapibus dolor vel est.', 'Purser', 'Tacey', '2022-05-14', '2022-03-10')
       , (98, 'fkaa', 'Vivamus vestibulum sagittis sapien.', 'Gurery', 'Rosenwasser', '2022-08-15', '2022-03-25')
       , (3, 'fkaa', 'Aenean lectus.', 'Lang', 'Chaman', '2022-05-01', '2022-05-04')
       , (104, 'fkaa', 'Vestibulum ante ipsum primis in faucibus orci luctus et ultrices posuere cubilia Curae; Duis faucibus accumsan odio.', 'Fould', 'Ratray', '2022-09-29', '2022-07-12')
       , (78, 'fkaa', 'Nulla tellus.', 'Gebbe', 'Crickett', '2023-02-21', '2023-01-07')
       , (12, 'fkaa', 'Integer aliquet, massa id lobortis convallis, tortor risus dapibus augue, vel accumsan tellus nisi eu orci.', 'Mcwhinnie', 'Galey', '2022-04-02', '2023-02-13')
       , (44, 'fkaa', 'Pellentesque viverra pede ac diam.', 'Bront', 'Glowach', '2022-07-27', '2022-06-15')
       , (16, 'fkaa', 'Maecenas rhoncus aliquam lacus.', 'Arger', 'Buddock', '2022-07-07', '2022-09-03')
       , (103, 'fkaa', 'Nulla ac enim.', 'Selwood', 'Hambelton', '2022-06-03', '2022-12-25')
       , (8, 'fkaa', 'Ut tellus.', 'MacCarroll', 'Roughan', '2022-08-03', '2022-05-18')
       , (108, 'fkaa', 'Quisque erat eros, viverra eget, congue eget, semper rutrum, nulla.', 'Charles', 'Scawton', '2022-08-07', '2022-11-08')
       , (107, 'fkaa', 'Aliquam augue quam, sollicitudin vitae, consectetuer eget, rutrum at, lorem.', 'Scally', 'Eppson', '2022-12-09', '2022-10-18')
       , (107, 'fkaa', 'Sed accumsan felis.', 'Camacke', 'Avraam', '2022-04-24', '2022-09-29')
       , (99, 'fkaa', 'Pellentesque eget nunc.', 'Etherson', 'Morigan', '2022-03-07', '2022-07-15')
       , (7, 'fkaa', 'Vestibulum ac est lacinia nisi venenatis tristique.', 'D''Oyley', 'Cromwell', '2022-06-13', '2022-06-25')
       , (56, 'fkaa', 'In hac habitasse platea dictumst.', 'Devine', 'Dallimore', '2022-08-21', '2022-08-08')
       , (32, 'fkaa', 'Nulla suscipit ligula in lacus.', 'Pybworth', 'Van Bruggen', '2022-10-28', '2022-12-25')
       , (91, 'fkaa', 'Praesent blandit lacinia erat.', 'Handaside', 'Northbridge', '2022-12-06', '2022-10-08')
       , (85, 'fkaa', 'Nulla justo.', 'Nisbet', 'Clewes', '2022-07-09', '2023-01-02')
       , (111, 'fkaa', 'Morbi non quam nec dui luctus rutrum.', 'Orcas', 'McBrearty', '2023-01-10', '2022-06-20')
       , (46, 'fkaa', 'Donec diam neque, vestibulum eget, vulputate ut, ultrices vel, augue.', 'Sheehan', 'Abrahamsson', '2022-06-08', '2022-10-29')
       , (61, 'fkaa', 'Duis ac nibh.', 'Collick', 'Compford', '2023-01-24', '2022-07-04')
       , (50, 'fkaa', 'Vivamus tortor.', 'Behr', 'Tumielli', '2022-03-05', '2022-05-14')
       , (85, 'fkaa', 'Duis aliquam convallis nunc.', 'Glazzard', 'Duffill', '2022-07-20', '2022-04-24')
       , (87, 'fkaa', 'Nam tristique tortor eu pede.', 'Please', 'Fattore', '2022-07-18', '2022-08-13')
       , (45, 'fkaa', 'Duis bibendum, felis sed interdum venenatis, turpis enim blandit mi, in porttitor pede justo eu massa.', 'McGuckin', 'Northbridge', '2022-04-12', '2022-12-09')
       , (8, 'fkaa', 'Vestibulum quam sapien, varius ut, blandit non, interdum in, ante.', 'Ciotto', 'Loynton', '2022-03-22', '2022-08-29')
       , (16, 'fkaa', 'In tempor, turpis nec euismod scelerisque, quam turpis adipiscing lorem, vitae mattis nibh ligula nec sem.', 'Toward', 'Carnegie', '2022-12-25', '2022-12-30')
       , (64, 'fkaa', 'Vivamus vel nulla eget eros elementum pellentesque.', 'Kyberd', 'Anear', '2022-03-02', '2022-12-22')
       , (118, 'fkaa', 'Curabitur at ipsum ac tellus semper interdum.', 'Lidgett', 'Cory', '2023-02-15', '2022-07-05')
       , (104, 'fkaa', 'Nullam orci pede, venenatis non, sodales sed, tincidunt eu, felis.', 'Imesen', 'Boylan', '2022-08-13', '2022-02-25')
       , (6, 'fkaa', 'Duis consequat dui nec nisi volutpat eleifend.', 'Ianizzi', 'Garmans', '2022-08-29', '2022-09-07')
       , (53, 'fkaa', 'Cum sociis natoque penatibus et magnis dis parturient montes, nascetur ridiculus mus.', 'Muzzullo', 'Ashurst', '2022-08-09', '2023-02-08')
       , (32, 'fkaa', 'Mauris lacinia sapien quis libero.', 'Ogelsby', 'Hrynczyk', '2022-09-03', '2022-06-10')
       , (60, 'fkaa', 'Vestibulum rutrum rutrum neque.', 'Chuney', 'Blazic', '2022-09-17', '2022-03-06')
       , (19, 'fkaa', 'Duis at velit eu est congue elementum.', 'Tuminelli', 'Tuckerman', '2022-09-12', '2023-02-06')
       , (3, 'fkaa', 'Morbi non quam nec dui luctus rutrum.', 'Rounsefull', 'Farreil', '2022-05-03', '2022-05-05')
       , (9, 'fkaa', 'Suspendisse potenti.', 'Boldero', 'Verdun', '2022-11-16', '2022-07-21')
       , (51, 'fkaa', 'Etiam faucibus cursus urna.', 'Heatlie', 'Bartlosz', '2022-11-03', '2023-01-23')
       , (96, 'fkaa', 'Nulla suscipit ligula in lacus.', 'Livezley', 'McAlister', '2022-10-04', '2022-07-25')
       , (30, 'fkaa', 'Vestibulum quam sapien, varius ut, blandit non, interdum in, ante.', 'Lyptrit', 'Cockaday', '2022-04-23', '2022-08-10')
       , (7, 'fkaa', 'Ut at dolor quis odio consequat varius.', 'Galloway', 'Jerrim', '2022-08-02', '2022-04-30')
       , (8, 'fkaa', 'Maecenas tristique, est et tempus semper, est quam pharetra magna, ac consequat metus sapien ut nunc.', 'Povlsen', 'Pover', '2022-04-16', '2022-05-16')
       , (19, 'fkaa', 'Nullam molestie nibh in lectus.', 'Duro', 'Sitwell', '2022-11-04', '2022-11-09')
       , (99, 'fkaa', 'Duis consequat dui nec nisi volutpat eleifend.', 'Brouncker', 'Lishmund', '2022-07-24', '2022-10-27')
       , (70, 'fkaa', 'Morbi vel lectus in quam fringilla rhoncus.', 'Orvis', 'Faughny', '2022-09-11', '2022-08-09')
       , (31, 'fkaa', 'Nullam molestie nibh in lectus.', 'Babington', 'Fellibrand', '2023-01-15', '2022-08-24')
       , (67, 'fkaa', 'In tempor, turpis nec euismod scelerisque, quam turpis adipiscing lorem, vitae mattis nibh ligula nec sem.', 'Emm', 'Rive', '2022-03-16', '2023-01-06')
       , (68, 'fkaa', 'Integer tincidunt ante vel ipsum.', 'Spendley', 'Jewson', '2022-06-07', '2022-11-05')
       , (62, 'fkaa', 'Aenean auctor gravida sem.', 'Goble', 'Dicker', '2022-06-20', '2022-04-10');
