-- 테스트 계정 추가
-- TODO : 테스트용이지만 비밀번호가 노출된 데이터가 세팅됨, 개선 필요
insert into user_account (user_id, user_password, nickname, email, memo, created_at, created_by, modified_at, modified_by)
values ('fkaa', '{noop}asdf1234', 'fkaa', 'wlgus120332@gmail.com', 'I am fkaa', now(), 'fkaa', now(), 'fkaa'),
       ('fkaa2', '{noop}asdf12342', 'fkaa2', 'wlgus12033222@gmail.com', 'I am fkaa2', now(), 'fkaa2', now(), 'fkaa2');

-- 123개의 게시글 insert
insert into article (user_id, title, content, created_by, modified_by, created_at, modified_at)
values ('fkaa2', 'Suspendisse accumsan tortor quis turpis.', 'In sagittis dui vel nisl. Duis ac nibh. Fusce lacus purus, aliquet at, feugiat non, pretium quis, lectus.', 'Julie', 'Towney', '2023-01-15', '2022-09-25')
       , ('fkaa2', 'Nulla suscipit ligula in lacus.', 'Maecenas ut massa quis augue luctus tincidunt. Nulla mollis molestie lorem. Quisque ut erat.','Gilemette', 'Amalie', '2022-07-20', '2022-10-04')
       , ('fkaa2', 'Ut tellus.', 'Curabitur at ipsum ac tellus semper interdum. Mauris ullamcorper purus sit amet nulla. Quisque arcu libero, rutrum ac, lobortis vel, dapibus at, diam.', 'Mord', 'Dorian', '2022-11-09', '2022-10-22')
       , ('fkaa2', 'Praesent blandit lacinia erat.', 'Aliquam quis turpis eget elit sodales scelerisque. Mauris sit amet eros. Suspendisse accumsan tortor quis turpis.', 'Federica', 'Savina', '2022-12-12', '2022-09-30')
       , ('fkaa2', 'Duis ac nibh.', 'Mauris enim leo, rhoncus sed, vestibulum sit amet, cursus id, turpis. Integer aliquet, massa id lobortis convallis, tortor risus dapibus augue, vel accumsan tellus nisi eu orci. Mauris lacinia sapien quis libero.', 'Wesley', 'Danny', '2022-08-06', '2022-08-30')
       , ('fkaa2', 'Maecenas ut massa quis augue luctus tincidunt.', 'Duis aliquam convallis nunc. Proin at turpis a pede posuere nonummy. Integer non velit.', 'Trueman', 'Daphene', '2022-09-07', '2022-07-22')
       , ('fkaa2', 'Integer ac neque.', 'Suspendisse potenti. In eleifend quam a odio. In hac habitasse platea dictumst.', 'Tina', 'Stewart', '2022-10-05', '2022-08-24')
       , ('fkaa2', 'Donec quis orci eget orci vehicula condimentum.', 'Praesent id massa id nisl venenatis lacinia. Aenean sit amet justo. Morbi ut odio.', 'Tessi', 'Estell', '2022-04-03', '2023-01-31')
       , ('fkaa2', 'Vivamus vestibulum sagittis sapien.', 'Curabitur at ipsum ac tellus semper interdum. Mauris ullamcorper purus sit amet nulla. Quisque arcu libero, rutrum ac, lobortis vel, dapibus at, diam.', 'Chauncey', 'Aubry', '2022-07-07', '2022-05-14')
       , ('fkaa2', 'Quisque arcu libero, rutrum ac, lobortis vel, dapibus at, diam.', 'Phasellus sit amet erat. Nulla tempus. Vivamus in felis eu sapien cursus vestibulum.', 'Lucius', 'Alisander', '2022-07-23', '2022-05-07')
       , ('fkaa2', 'Ut tellus.', 'Cum sociis natoque penatibus et magnis dis parturient montes, nascetur ridiculus mus. Vivamus vestibulum sagittis sapien. Cum sociis natoque penatibus et magnis dis parturient montes, nascetur ridiculus mus.', 'Pamelina', 'Deedee', '2022-11-03', '2022-12-28')
       , ('fkaa2', 'Nullam orci pede, venenatis non, sodales sed, tincidunt eu, felis.', 'Duis consequat dui nec nisi volutpat eleifend. Donec ut dolor. Morbi vel lectus in quam fringilla rhoncus.', 'Gearard', 'Dalenna', '2022-07-25', '2022-12-28')
       , ('fkaa2', 'Integer ac leo.', 'Morbi non lectus. Aliquam sit amet diam in magna bibendum imperdiet. Nullam orci pede, venenatis non, sodales sed, tincidunt eu, felis.', 'Osborne', 'Chelsea', '2022-12-25', '2022-02-24')
       , ('fkaa2', 'Nulla ac enim.', 'In sagittis dui vel nisl. Duis ac nibh. Fusce lacus purus, aliquet at, feugiat non, pretium quis, lectus.', 'Beverlee', 'Godfrey', '2022-08-23', '2022-07-15')
       , ('fkaa2', 'Praesent blandit.', 'Proin interdum mauris non ligula pellentesque ultrices. Phasellus id sapien in sapien iaculis congue. Vivamus metus arcu, adipiscing molestie, hendrerit at, vulputate vitae, nisl.', 'Andris', 'Ofella', '2022-07-11', '2022-07-31')
       , ('fkaa', 'Maecenas ut massa quis augue luctus tincidunt.', 'Pellentesque at nulla. Suspendisse potenti. Cras in purus eu magna vulputate luctus.', 'Meaghan', 'Reube', '2022-04-16', '2022-09-11')
       , ('fkaa', 'Nam tristique tortor eu pede.', 'Fusce posuere felis sed lacus. Morbi sem mauris, laoreet ut, rhoncus aliquet, pulvinar sed, nisl. Nunc rhoncus dui vel sem.', 'Shandy', 'Elvira', '2022-12-31', '2022-08-17')
       , ('fkaa', 'Fusce congue, diam id ornare imperdiet, sapien urna pretium nisl, ut volutpat sapien arcu sed augue.', 'Integer ac leo. Pellentesque ultrices mattis odio. Donec vitae nisi.', 'Casey', 'Tresa', '2022-03-31', '2022-07-23')
       , ('fkaa', 'Nullam porttitor lacus at turpis.', 'Duis bibendum. Morbi non quam nec dui luctus rutrum. Nulla tellus.', 'Hunter', 'Jamison', '2022-12-21', '2022-09-19')
       , ('fkaa', 'Pellentesque at nulla.', 'Morbi non lectus. Aliquam sit amet diam in magna bibendum imperdiet. Nullam orci pede, venenatis non, sodales sed, tincidunt eu, felis.', 'Datha', 'Bing', '2022-10-21', '2023-01-08')
       , ('fkaa', 'Morbi non quam nec dui luctus rutrum.', 'Donec diam neque, vestibulum eget, vulputate ut, ultrices vel, augue. Vestibulum ante ipsum primis in faucibus orci luctus et ultrices posuere cubilia Curae; Donec pharetra, magna vestibulum aliquet ultrices, erat tortor sollicitudin mi, sit amet lobortis sapien sapien non mi. Integer ac neque.', 'Jess', 'Antone', '2022-05-02', '2022-03-24')
       , ('fkaa', 'Fusce lacus purus, aliquet at, feugiat non, pretium quis, lectus.', 'Proin interdum mauris non ligula pellentesque ultrices. Phasellus id sapien in sapien iaculis congue. Vivamus metus arcu, adipiscing molestie, hendrerit at, vulputate vitae, nisl.', 'Sheilah', 'Blanca', '2022-10-17', '2022-04-26')
       , ('fkaa', 'Donec odio justo, sollicitudin ut, suscipit a, feugiat et, eros.', 'Cras non velit nec nisi vulputate nonummy. Maecenas tincidunt lacus at velit. Vivamus vel nulla eget eros elementum pellentesque.', 'Mal', 'Una', '2022-06-26', '2022-05-22')
       , ('fkaa', 'Vivamus vel nulla eget eros elementum pellentesque.', 'In sagittis dui vel nisl. Duis ac nibh. Fusce lacus purus, aliquet at, feugiat non, pretium quis, lectus.', 'Dedie', 'Dunc', '2022-11-23', '2022-07-28')
       , ('fkaa', 'Vestibulum ante ipsum primis in faucibus orci luctus et ultrices posuere cubilia Curae; Donec pharetra, magna vestibulum aliquet ultrices, erat tortor sollicitudin mi, sit amet lobortis sapien sapien non mi.', 'Morbi non lectus. Aliquam sit amet diam in magna bibendum imperdiet. Nullam orci pede, venenatis non, sodales sed, tincidunt eu, felis.', 'Salomone', 'Carri', '2022-12-12', '2022-06-02')
       , ('fkaa', 'Cras in purus eu magna vulputate luctus.', 'Morbi porttitor lorem id ligula. Suspendisse ornare consequat lectus. In est risus, auctor sed, tristique in, tempus sit amet, sem.', 'Durand', 'Minna', '2022-06-11', '2022-12-15')
       , ('fkaa', 'Vestibulum ante ipsum primis in faucibus orci luctus et ultrices posuere cubilia Curae; Nulla dapibus dolor vel est.', 'Lorem ipsum dolor sit amet, consectetuer adipiscing elit. Proin risus. Praesent lectus.', 'Seline', 'Waiter', '2022-09-28', '2022-05-16')
       , ('fkaa', 'Quisque porta volutpat erat.', 'Fusce consequat. Nulla nisl. Nunc nisl.', 'Balduin', 'Madalyn', '2022-12-01', '2022-04-28')
       , ('fkaa', 'Integer ac leo.', 'Proin interdum mauris non ligula pellentesque ultrices. Phasellus id sapien in sapien iaculis congue. Vivamus metus arcu, adipiscing molestie, hendrerit at, vulputate vitae, nisl.', 'Giles', 'Blanche', '2023-01-04', '2023-01-22')
       , ('fkaa', 'Etiam faucibus cursus urna.', 'Vestibulum ac est lacinia nisi venenatis tristique. Fusce congue, diam id ornare imperdiet, sapien urna pretium nisl, ut volutpat sapien arcu sed augue. Aliquam erat volutpat.', 'Fletcher', 'Nap', '2022-07-15', '2022-05-13')
       , ('fkaa', 'In hac habitasse platea dictumst.', 'Morbi porttitor lorem id ligula. Suspendisse ornare consequat lectus. In est risus, auctor sed, tristique in, tempus sit amet, sem.', 'Mariam', 'Carly', '2022-06-18', '2023-02-05')
       , ('fkaa', 'Nunc nisl.', 'Integer ac leo. Pellentesque ultrices mattis odio. Donec vitae nisi.', 'Lucinda', 'Vitia', '2022-06-09', '2022-11-22')
       , ('fkaa', 'Suspendisse potenti.', 'Aenean lectus. Pellentesque eget nunc. Donec quis orci eget orci vehicula condimentum.', 'Becki', 'Fawn', '2022-05-02', '2022-05-31')
       , ('fkaa', 'Cum sociis natoque penatibus et magnis dis parturient montes, nascetur ridiculus mus.', 'Vestibulum ac est lacinia nisi venenatis tristique. Fusce congue, diam id ornare imperdiet, sapien urna pretium nisl, ut volutpat sapien arcu sed augue. Aliquam erat volutpat.', 'Rosanna', 'Nonie', '2022-05-05', '2022-03-20')
       , ('fkaa', 'In hac habitasse platea dictumst.', 'Duis bibendum, felis sed interdum venenatis, turpis enim blandit mi, in porttitor pede justo eu massa. Donec dapibus. Duis at velit eu est congue elementum.', 'Kelila', 'Jania', '2022-10-20', '2022-08-31')
       , ('fkaa', 'Suspendisse potenti.', 'Donec diam neque, vestibulum eget, vulputate ut, ultrices vel, augue. Vestibulum ante ipsum primis in faucibus orci luctus et ultrices posuere cubilia Curae; Donec pharetra, magna vestibulum aliquet ultrices, erat tortor sollicitudin mi, sit amet lobortis sapien sapien non mi. Integer ac neque.', 'Colan', 'Sam', '2022-04-30', '2022-10-23')
       , ('fkaa', 'Nunc nisl.', 'Nullam porttitor lacus at turpis. Donec posuere metus vitae ipsum. Aliquam non mauris.', 'Raf', 'Kristina', '2023-02-04', '2022-03-14')
       , ('fkaa', 'Quisque id justo sit amet sapien dignissim vestibulum.', 'In sagittis dui vel nisl. Duis ac nibh. Fusce lacus purus, aliquet at, feugiat non, pretium quis, lectus.', 'Lani', 'Guillemette', '2023-02-07', '2022-09-23')
       , ('fkaa', 'Praesent lectus.', 'Duis bibendum, felis sed interdum venenatis, turpis enim blandit mi, in porttitor pede justo eu massa. Donec dapibus. Duis at velit eu est congue elementum.', 'Verla', 'Dottie', '2022-11-27', '2022-04-22')
       , ('fkaa', 'Donec posuere metus vitae ipsum.', 'Etiam vel augue. Vestibulum rutrum rutrum neque. Aenean auctor gravida sem.', 'Tricia', 'Delores', '2022-05-24', '2023-01-17')
       , ('fkaa', 'Mauris sit amet eros.', 'Fusce posuere felis sed lacus. Morbi sem mauris, laoreet ut, rhoncus aliquet, pulvinar sed, nisl. Nunc rhoncus dui vel sem.', 'Dominica', 'Brynne', '2023-01-08', '2022-08-11')
       , ('fkaa', 'Donec ut mauris eget massa tempor convallis.', 'Curabitur at ipsum ac tellus semper interdum. Mauris ullamcorper purus sit amet nulla. Quisque arcu libero, rutrum ac, lobortis vel, dapibus at, diam.', 'Scot', 'Phylys', '2022-12-01', '2022-05-13')
       , ('fkaa', 'Praesent blandit lacinia erat.', 'Donec diam neque, vestibulum eget, vulputate ut, ultrices vel, augue. Vestibulum ante ipsum primis in faucibus orci luctus et ultrices posuere cubilia Curae; Donec pharetra, magna vestibulum aliquet ultrices, erat tortor sollicitudin mi, sit amet lobortis sapien sapien non mi. Integer ac neque.', 'Carey', 'Terrie', '2022-08-18', '2022-04-25')
       , ('fkaa', 'Maecenas rhoncus aliquam lacus.', 'Maecenas tristique, est et tempus semper, est quam pharetra magna, ac consequat metus sapien ut nunc. Vestibulum ante ipsum primis in faucibus orci luctus et ultrices posuere cubilia Curae; Mauris viverra diam vitae quam. Suspendisse potenti.', 'Bertie', 'Sybyl', '2022-11-28', '2022-06-27')
       , ('fkaa', 'Morbi sem mauris, laoreet ut, rhoncus aliquet, pulvinar sed, nisl.', 'Fusce posuere felis sed lacus. Morbi sem mauris, laoreet ut, rhoncus aliquet, pulvinar sed, nisl. Nunc rhoncus dui vel sem.', 'Phaedra', 'Georgeta', '2022-11-10', '2022-05-19')
       , ('fkaa', 'Integer tincidunt ante vel ipsum.', 'Morbi non lectus. Aliquam sit amet diam in magna bibendum imperdiet. Nullam orci pede, venenatis non, sodales sed, tincidunt eu, felis.', 'Chrysa', 'Gertrudis', '2022-11-21', '2022-06-01')
       , ('fkaa', 'Ut at dolor quis odio consequat varius.', 'Nulla ut erat id mauris vulputate elementum. Nullam varius. Nulla facilisi.', 'Geno', 'Maxie', '2022-12-03', '2022-06-14')
       , ('fkaa', 'Sed sagittis.', 'Vestibulum ac est lacinia nisi venenatis tristique. Fusce congue, diam id ornare imperdiet, sapien urna pretium nisl, ut volutpat sapien arcu sed augue. Aliquam erat volutpat.', 'Vanny', 'Herculie', '2022-08-16', '2023-01-30')
       , ('fkaa', 'Morbi sem mauris, laoreet ut, rhoncus aliquet, pulvinar sed, nisl.', 'Lorem ipsum dolor sit amet, consectetuer adipiscing elit. Proin risus. Praesent lectus.', 'Cordell', 'Drucy', '2022-11-23', '2022-04-24')
       , ('fkaa', 'Fusce consequat.', 'Curabitur in libero ut massa volutpat convallis. Morbi odio odio, elementum eu, interdum eu, tincidunt in, leo. Maecenas pulvinar lobortis est.', 'Scarface', 'Lorenza', '2023-01-26', '2022-04-30')
       , ('fkaa', 'Donec vitae nisi.', 'Duis aliquam convallis nunc. Proin at turpis a pede posuere nonummy. Integer non velit.', 'Mel', 'Bancroft', '2022-03-25', '2022-04-08')
       , ('fkaa', 'Pellentesque at nulla.', 'Duis consequat dui nec nisi volutpat eleifend. Donec ut dolor. Morbi vel lectus in quam fringilla rhoncus.', 'Mitchel', 'Monti', '2023-02-19', '2022-08-20')
       , ('fkaa', 'Nullam molestie nibh in lectus.', 'Donec diam neque, vestibulum eget, vulputate ut, ultrices vel, augue. Vestibulum ante ipsum primis in faucibus orci luctus et ultrices posuere cubilia Curae; Donec pharetra, magna vestibulum aliquet ultrices, erat tortor sollicitudin mi, sit amet lobortis sapien sapien non mi. Integer ac neque.', 'Albertina', 'Rudolfo', '2022-11-20', '2022-04-19')
       , ('fkaa', 'Phasellus id sapien in sapien iaculis congue.', 'Vestibulum ac est lacinia nisi venenatis tristique. Fusce congue, diam id ornare imperdiet, sapien urna pretium nisl, ut volutpat sapien arcu sed augue. Aliquam erat volutpat.', 'Serena', 'Osbourne', '2022-09-12', '2022-09-06')
       , ('fkaa', 'Pellentesque viverra pede ac diam.', 'Phasellus sit amet erat. Nulla tempus. Vivamus in felis eu sapien cursus vestibulum.', 'Leeanne', 'Vin', '2023-02-15', '2022-12-04')
       , ('fkaa', 'In congue.', 'Cras mi pede, malesuada in, imperdiet et, commodo vulputate, justo. In blandit ultrices enim. Lorem ipsum dolor sit amet, consectetuer adipiscing elit.', 'Cookie', 'Cori', '2023-02-12', '2022-09-23')
       , ('fkaa', 'Cras mi pede, malesuada in, imperdiet et, commodo vulputate, justo.', 'Pellentesque at nulla. Suspendisse potenti. Cras in purus eu magna vulputate luctus.', 'Alvis', 'Audra', '2022-04-07', '2022-06-29')
       , ('fkaa', 'Aenean lectus.', 'In hac habitasse platea dictumst. Etiam faucibus cursus urna. Ut tellus.', 'Beniamino', 'Adriaens', '2022-12-08', '2022-08-26')
       , ('fkaa', 'Maecenas pulvinar lobortis est.', 'Pellentesque at nulla. Suspendisse potenti. Cras in purus eu magna vulputate luctus.', 'Hyacinthia', 'Sarette', '2022-11-17', '2022-02-25')
       , ('fkaa', 'Duis ac nibh.', 'Maecenas leo odio, condimentum id, luctus nec, molestie sed, justo. Pellentesque viverra pede ac diam. Cras pellentesque volutpat dui.', 'Kendra', 'Ernesta', '2022-02-27', '2023-02-18')
       , ('fkaa', 'Pellentesque viverra pede ac diam.', 'In congue. Etiam justo. Etiam pretium iaculis justo.', 'Normie', 'Kassandra', '2023-01-22', '2022-07-14')
       , ('fkaa', 'Proin interdum mauris non ligula pellentesque ultrices.', 'Cras mi pede, malesuada in, imperdiet et, commodo vulputate, justo. In blandit ultrices enim. Lorem ipsum dolor sit amet, consectetuer adipiscing elit.', 'Elizabet', 'Shaun', '2022-08-30', '2023-01-31')
       , ('fkaa', 'Donec ut mauris eget massa tempor convallis.', 'Phasellus in felis. Donec semper sapien a libero. Nam dui.', 'Ardelis', 'Fransisco', '2022-04-14', '2022-03-22')
       , ('fkaa', 'Nam nulla.', 'Proin eu mi. Nulla ac enim. In tempor, turpis nec euismod scelerisque, quam turpis adipiscing lorem, vitae mattis nibh ligula nec sem.', 'Sheree', 'Orsa', '2022-11-17', '2022-03-16')
       , ('fkaa', 'Fusce congue, diam id ornare imperdiet, sapien urna pretium nisl, ut volutpat sapien arcu sed augue.', 'Nullam sit amet turpis elementum ligula vehicula consequat. Morbi a ipsum. Integer a nibh.', 'Pandora', 'Marty', '2022-08-21', '2022-03-29')
       , ('fkaa', 'In hac habitasse platea dictumst.', 'Nullam sit amet turpis elementum ligula vehicula consequat. Morbi a ipsum. Integer a nibh.', 'Ashlen', 'Lon', '2022-03-24', '2022-03-17')
       , ('fkaa', 'Lorem ipsum dolor sit amet, consectetuer adipiscing elit.', 'Nullam sit amet turpis elementum ligula vehicula consequat. Morbi a ipsum. Integer a nibh.', 'Innis', 'Charley', '2023-02-01', '2022-11-15')
       , ('fkaa', 'Quisque id justo sit amet sapien dignissim vestibulum.', 'Fusce posuere felis sed lacus. Morbi sem mauris, laoreet ut, rhoncus aliquet, pulvinar sed, nisl. Nunc rhoncus dui vel sem.', 'Maribel', 'Mitch', '2022-07-03', '2022-04-04')
       , ('fkaa', 'Nulla ac enim.', 'Sed sagittis. Nam congue, risus semper porta volutpat, quam pede lobortis ligula, sit amet eleifend pede libero quis orci. Nullam molestie nibh in lectus.', 'Dorelia', 'Roz', '2022-04-16', '2023-01-26')
       , ('fkaa', 'Curabitur convallis.', 'Praesent id massa id nisl venenatis lacinia. Aenean sit amet justo. Morbi ut odio.', 'Elayne', 'Jen', '2022-07-14', '2022-05-26')
       , ('fkaa', 'Praesent blandit lacinia erat.', 'Phasellus in felis. Donec semper sapien a libero. Nam dui.', 'Sutherlan', 'Ottilie', '2022-05-07', '2022-05-09')
       , ('fkaa', 'Duis bibendum.', 'Aliquam quis turpis eget elit sodales scelerisque. Mauris sit amet eros. Suspendisse accumsan tortor quis turpis.', 'Lambert', 'Bayard', '2022-03-10', '2022-02-27')
       , ('fkaa', 'Nullam varius.', 'Curabitur in libero ut massa volutpat convallis. Morbi odio odio, elementum eu, interdum eu, tincidunt in, leo. Maecenas pulvinar lobortis est.', 'Hamid', 'Leontyne', '2022-08-07', '2022-05-07')
       , ('fkaa', 'Donec quis orci eget orci vehicula condimentum.', 'Curabitur at ipsum ac tellus semper interdum. Mauris ullamcorper purus sit amet nulla. Quisque arcu libero, rutrum ac, lobortis vel, dapibus at, diam.',  'Daisi', 'Jackquelin', '2022-07-30', '2022-07-14')
       , ('fkaa', 'Lorem ipsum dolor sit amet, consectetuer adipiscing elit.', 'Integer ac leo. Pellentesque ultrices mattis odio. Donec vitae nisi.', 'Elberta', 'Madonna', '2022-06-21', '2023-02-01')
       , ('fkaa', 'Cras in purus eu magna vulputate luctus.', 'Sed sagittis. Nam congue, risus semper porta volutpat, quam pede lobortis ligula, sit amet eleifend pede libero quis orci. Nullam molestie nibh in lectus.', 'Say', 'Barnaby', '2022-08-22', '2022-09-22')
       , ('fkaa', 'Pellentesque viverra pede ac diam.', 'Integer ac leo. Pellentesque ultrices mattis odio. Donec vitae nisi.', 'Neall', 'Cesya', '2022-09-03', '2022-05-06')
       , ('fkaa', 'Duis ac nibh.', 'Duis bibendum. Morbi non quam nec dui luctus rutrum. Nulla tellus.', 'Dre', 'Anselm', '2022-10-30', '2023-02-03')
       , ('fkaa', 'Suspendisse potenti.', 'Duis bibendum, felis sed interdum venenatis, turpis enim blandit mi, in porttitor pede justo eu massa. Donec dapibus. Duis at velit eu est congue elementum.', 'Malanie', 'Ferrel', '2022-12-22', '2022-08-19')
       , ('fkaa', 'Proin leo odio, porttitor id, consequat in, consequat ut, nulla.', 'Pellentesque at nulla. Suspendisse potenti. Cras in purus eu magna vulputate luctus.', 'Noll', 'Blanche', '2022-08-21', '2022-11-05')
       , ('fkaa', 'Nullam orci pede, venenatis non, sodales sed, tincidunt eu, felis.', 'Proin eu mi. Nulla ac enim. In tempor, turpis nec euismod scelerisque, quam turpis adipiscing lorem, vitae mattis nibh ligula nec sem.', 'Marie-ann', 'Nathanial', '2022-09-23', '2022-11-03')
       , ('fkaa', 'Phasellus id sapien in sapien iaculis congue.', 'Cras mi pede, malesuada in, imperdiet et, commodo vulputate, justo. In blandit ultrices enim. Lorem ipsum dolor sit amet, consectetuer adipiscing elit.', 'Biddie', 'Andrei', '2022-03-23', '2023-01-21')
       , ('fkaa', 'In eleifend quam a odio.', 'Mauris enim leo, rhoncus sed, vestibulum sit amet, cursus id, turpis. Integer aliquet, massa id lobortis convallis, tortor risus dapibus augue, vel accumsan tellus nisi eu orci. Mauris lacinia sapien quis libero.', 'Nicoli', 'Englebert', '2023-01-27', '2022-10-22')
       , ('fkaa', 'Duis ac nibh.', 'Praesent id massa id nisl venenatis lacinia. Aenean sit amet justo. Morbi ut odio.', 'Shadow', 'Brena', '2023-02-10', '2022-06-22')
       , ('fkaa', 'Nullam sit amet turpis elementum ligula vehicula consequat.', 'Curabitur in libero ut massa volutpat convallis. Morbi odio odio, elementum eu, interdum eu, tincidunt in, leo. Maecenas pulvinar lobortis est.', 'Khalil', 'Cristian', '2022-08-25', '2022-03-11')
       , ('fkaa', 'Vestibulum quam sapien, varius ut, blandit non, interdum in, ante.', 'Morbi porttitor lorem id ligula. Suspendisse ornare consequat lectus. In est risus, auctor sed, tristique in, tempus sit amet, sem.', 'Aleen', 'Pearla', '2022-05-21', '2022-09-22')
       , ('fkaa', 'Ut tellus.', 'Maecenas leo odio, condimentum id, luctus nec, molestie sed, justo. Pellentesque viverra pede ac diam. Cras pellentesque volutpat dui.', 'Ario', 'Christophe', '2022-12-20', '2022-03-01')
       , ('fkaa', 'Pellentesque viverra pede ac diam.', 'Phasellus sit amet erat. Nulla tempus. Vivamus in felis eu sapien cursus vestibulum.', 'Saba', 'Marley', '2022-12-09', '2023-02-01')
       , ('fkaa', 'Vivamus metus arcu, adipiscing molestie, hendrerit at, vulputate vitae, nisl.', 'Integer tincidunt ante vel ipsum. Praesent blandit lacinia erat. Vestibulum sed magna at nunc commodo placerat.', 'Thibaut', 'Sher', '2023-01-20', '2022-04-01')
       , ('fkaa', 'Nulla ut erat id mauris vulputate elementum.', 'In quis justo. Maecenas rhoncus aliquam lacus. Morbi quis tortor id nulla ultrices aliquet.', 'Calley', 'Rozalin', '2022-05-30', '2022-06-16')
       , ('fkaa', 'Suspendisse accumsan tortor quis turpis.', 'In quis justo. Maecenas rhoncus aliquam lacus. Morbi quis tortor id nulla ultrices aliquet.', 'Nate', 'Tate', '2022-09-14', '2022-07-31')
       , ('fkaa', 'Aenean lectus.', 'Cras mi pede, malesuada in, imperdiet et, commodo vulputate, justo. In blandit ultrices enim. Lorem ipsum dolor sit amet, consectetuer adipiscing elit.', 'Reuben', 'Rosalinde', '2022-04-21', '2022-08-29')
       , ('fkaa', 'Donec semper sapien a libero.', 'Pellentesque at nulla. Suspendisse potenti. Cras in purus eu magna vulputate luctus.', 'Maxy', 'Sebastiano', '2022-06-07', '2023-02-16')
       , ('fkaa', 'Lorem ipsum dolor sit amet, consectetuer adipiscing elit.', 'Nullam sit amet turpis elementum ligula vehicula consequat. Morbi a ipsum. Integer a nibh.', 'Caddric', 'Gardy', '2022-04-26', '2023-02-03')
       , ('fkaa', 'Nullam sit amet turpis elementum ligula vehicula consequat.', 'Pellentesque at nulla. Suspendisse potenti. Cras in purus eu magna vulputate luctus.', 'Oralie', 'Gabbi', '2022-12-19', '2022-08-15')
       , ('fkaa', 'Duis aliquam convallis nunc.', 'Pellentesque at nulla. Suspendisse potenti. Cras in purus eu magna vulputate luctus.', 'Agnesse', 'Stanly', '2023-02-05', '2022-05-20')
       , ('fkaa', 'Vestibulum quam sapien, varius ut, blandit non, interdum in, ante.', 'Duis consequat dui nec nisi volutpat eleifend. Donec ut dolor. Morbi vel lectus in quam fringilla rhoncus.', 'Alain', 'Geraldine', '2022-12-14', '2022-08-09')
       , ('fkaa', 'Aenean auctor gravida sem.', 'Phasellus sit amet erat. Nulla tempus. Vivamus in felis eu sapien cursus vestibulum.', 'Ardisj', 'Ashla', '2022-10-31', '2022-12-13')
       , ('fkaa', 'Etiam vel augue.', 'Mauris enim leo, rhoncus sed, vestibulum sit amet, cursus id, turpis. Integer aliquet, massa id lobortis convallis, tortor risus dapibus augue, vel accumsan tellus nisi eu orci. Mauris lacinia sapien quis libero.', 'Hyatt', 'Hortense', '2022-09-20', '2022-06-29')
       , ('fkaa', 'Proin risus.', 'In quis justo. Maecenas rhoncus aliquam lacus. Morbi quis tortor id nulla ultrices aliquet.', 'Minor', 'Doug', '2023-01-03', '2022-11-25')
       , ('fkaa', 'Maecenas pulvinar lobortis est.', 'Phasellus sit amet erat. Nulla tempus. Vivamus in felis eu sapien cursus vestibulum.', 'Spencer', 'Abrahan', '2022-09-27', '2023-01-19')
       , ('fkaa', 'Quisque porta volutpat erat.', 'Nullam porttitor lacus at turpis. Donec posuere metus vitae ipsum. Aliquam non mauris.', 'Evvy', 'Olwen', '2022-07-28', '2022-10-05')
       , ('fkaa', 'Nulla suscipit ligula in lacus.', 'In quis justo. Maecenas rhoncus aliquam lacus. Morbi quis tortor id nulla ultrices aliquet.', 'Eddie', 'Byrann', '2022-10-19', '2022-08-10')
       , ('fkaa', 'Morbi odio odio, elementum eu, interdum eu, tincidunt in, leo.', 'Duis aliquam convallis nunc. Proin at turpis a pede posuere nonummy. Integer non velit.', 'Annora', 'Isabelle', '2023-02-17', '2022-04-14')
       , ('fkaa', 'Integer tincidunt ante vel ipsum.', 'In quis justo. Maecenas rhoncus aliquam lacus. Morbi quis tortor id nulla ultrices aliquet.', 'Lyon', 'Claudio', '2022-10-05', '2022-06-18')
       , ('fkaa', 'Vestibulum sed magna at nunc commodo placerat.', 'Curabitur in libero ut massa volutpat convallis. Morbi odio odio, elementum eu, interdum eu, tincidunt in, leo. Maecenas pulvinar lobortis est.', 'Kessia', 'Pris', '2022-05-29', '2022-06-24')
       , ('fkaa', 'Curabitur convallis.', 'Cras mi pede, malesuada in, imperdiet et, commodo vulputate, justo. In blandit ultrices enim. Lorem ipsum dolor sit amet, consectetuer adipiscing elit.', 'Ibbie', 'Laurena', '2022-10-06', '2022-06-17')
       , ('fkaa', 'Donec semper sapien a libero.', 'In quis justo. Maecenas rhoncus aliquam lacus. Morbi quis tortor id nulla ultrices aliquet.', 'Jerald', 'Clyde', '2022-03-09', '2022-05-05')
       , ('fkaa', 'Proin interdum mauris non ligula pellentesque ultrices.', 'Lorem ipsum dolor sit amet, consectetuer adipiscing elit. Proin risus. Praesent lectus.', 'Gisele', 'Farah', '2023-02-10', '2022-07-13')
       , ('fkaa', 'Nulla ut erat id mauris vulputate elementum.', 'Curabitur gravida nisi at nibh. In hac habitasse platea dictumst. Aliquam augue quam, sollicitudin vitae, consectetuer eget, rutrum at, lorem.', 'Harmon', 'Jefferson', '2022-03-31', '2022-11-14')
       , ('fkaa', 'Nulla ac enim.', 'Proin interdum mauris non ligula pellentesque ultrices. Phasellus id sapien in sapien iaculis congue. Vivamus metus arcu, adipiscing molestie, hendrerit at, vulputate vitae, nisl.', 'Pattie', 'Darell', '2022-04-19', '2022-07-21')
       , ('fkaa', 'Integer non velit.', 'Cras non velit nec nisi vulputate nonummy. Maecenas tincidunt lacus at velit. Vivamus vel nulla eget eros elementum pellentesque.', 'Reinhard', 'Riane', '2022-11-12', '2022-03-03')
       , ('fkaa', 'Vivamus tortor.', 'Maecenas tristique, est et tempus semper, est quam pharetra magna, ac consequat metus sapien ut nunc. Vestibulum ante ipsum primis in faucibus orci luctus et ultrices posuere cubilia Curae; Mauris viverra diam vitae quam. Suspendisse potenti.', 'Mariejeanne', 'Quincey', '2022-03-31', '2022-08-07')
       , ('fkaa', 'Aenean sit amet justo.', 'Praesent blandit. Nam nulla. Integer pede justo, lacinia eget, tincidunt eget, tempus vel, pede.', 'Aloysius', 'Iris', '2023-01-13', '2023-01-19')
       , ('fkaa', 'Integer pede justo, lacinia eget, tincidunt eget, tempus vel, pede.', 'Curabitur at ipsum ac tellus semper interdum. Mauris ullamcorper purus sit amet nulla. Quisque arcu libero, rutrum ac, lobortis vel, dapibus at, diam.', 'Anjela', 'Carlota', '2022-05-13', '2022-07-03')
       , ('fkaa', 'Vestibulum ante ipsum primis in faucibus orci luctus et ultrices posuere cubilia Curae; Donec pharetra, magna vestibulum aliquet ultrices, erat tortor sollicitudin mi, sit amet lobortis sapien sapien non mi.', 'In hac habitasse platea dictumst. Etiam faucibus cursus urna. Ut tellus.', 'Mischa', 'Kendal', '2022-09-24', '2022-11-10')
       , ('fkaa', 'Proin interdum mauris non ligula pellentesque ultrices.', 'Proin interdum mauris non ligula pellentesque ultrices. Phasellus id sapien in sapien iaculis congue. Vivamus metus arcu, adipiscing molestie, hendrerit at, vulputate vitae, nisl.', 'Wallie', 'Stefanie', '2023-01-20', '2022-11-24')
       , ('fkaa', 'Suspendisse potenti.', 'Curabitur at ipsum ac tellus semper interdum. Mauris ullamcorper purus sit amet nulla. Quisque arcu libero, rutrum ac, lobortis vel, dapibus at, diam.', 'Rodrick', 'Marla', '2022-11-03', '2022-08-16')
       , ('fkaa', 'Etiam faucibus cursus urna.', 'Morbi porttitor lorem id ligula. Suspendisse ornare consequat lectus. In est risus, auctor sed, tristique in, tempus sit amet, sem.', 'Hilde', 'Caty', '2022-10-11', '2022-09-15')
       , ('fkaa', 'Praesent blandit.', 'Mauris enim leo, rhoncus sed, vestibulum sit amet, cursus id, turpis. Integer aliquet, massa id lobortis convallis, tortor risus dapibus augue, vel accumsan tellus nisi eu orci. Mauris lacinia sapien quis libero.', 'Romola', 'Wenonah', '2022-04-26', '2022-10-22')
       , ('fkaa', 'Vivamus in felis eu sapien cursus vestibulum.', 'Nullam sit amet turpis elementum ligula vehicula consequat. Morbi a ipsum. Integer a nibh.', 'Clive', 'Andrea', '2022-03-04', '2022-10-03')
       , ('fkaa', 'In hac habitasse platea dictumst.', 'Suspendisse potenti. In eleifend quam a odio. In hac habitasse platea dictumst.', 'Carey', 'Javier', '2022-07-18', '2022-09-21')
       , ('fkaa', 'Duis ac nibh.', 'Cum sociis natoque penatibus et magnis dis parturient montes, nascetur ridiculus mus. Vivamus vestibulum sagittis sapien. Cum sociis natoque penatibus et magnis dis parturient montes, nascetur ridiculus mus.', 'Redd', 'Gavra', '2022-03-31', '2022-11-18');

-- 300개 댓글
insert into article_comment (article_id, user_id, parent_comment_id, content, created_by, modified_by, created_at, modified_at)
values (22, 'fkaa', null, 'Nam tristique tortor eu pede.', 'McCahill', 'Goldthorp', '2022-07-03', '2022-04-25')
       , (18, 'fkaa2', null, 'Suspendisse potenti.', 'Morl', 'Dorran', '2022-08-06', '2022-06-26')
       , (70, 'fkaa', null, 'Nulla nisl.', 'Clute', 'Bradberry', '2022-07-01', '2022-11-12')
       , (36, 'fkaa2', null, 'Proin at turpis a pede posuere nonummy.', 'Yeoman', 'Gomez', '2023-02-08', '2022-07-15')
       , (20, 'fkaa2', null, 'Proin leo odio, porttitor id, consequat in, consequat ut, nulla.', 'Dowsey', 'Sigge', '2022-09-29', '2022-06-16')
       , (95, 'fkaa2', null, 'Pellentesque ultrices mattis odio.', 'Portlock', 'Rosel', '2022-09-13', '2022-10-07')
       , (40, 'fkaa2', null, 'Cras non velit nec nisi vulputate nonummy.', 'Schaumann', 'Cleary', '2023-02-02', '2023-01-28')
       , (10, 'fkaa2', null, 'Nam nulla.', 'Kondrachenko', 'Culverhouse', '2022-12-19', '2022-05-16')
       , (54, 'fkaa2', null, 'Fusce lacus purus, aliquet at, feugiat non, pretium quis, lectus.', 'Carlos', 'Anetts', '2022-08-02', '2023-01-16')
       , (109, 'fkaa2', null, 'Integer aliquet, massa id lobortis convallis, tortor risus dapibus augue, vel accumsan tellus nisi eu orci.', 'Varns', 'Morsom', '2022-08-23', '2022-11-10')
       , (2, 'fkaa2', null, 'Etiam vel augue.', 'Marusik', 'Bennie', '2022-05-02', '2023-02-12')
       , (43, 'fkaa2', null, 'Etiam justo.', 'Tire', 'Blezard', '2022-03-13', '2022-04-05')
       , (7, 'fkaa2', null, 'Vestibulum rutrum rutrum neque.', 'Konzelmann', 'Lapidus', '2022-09-16', '2022-10-03')
       , (20, 'fkaa2', null, 'Nam congue, risus semper porta volutpat, quam pede lobortis ligula, sit amet eleifend pede libero quis orci.', 'Stiffell', 'Mityashev', '2022-03-10', '2022-11-08')
       , (49, 'fkaa2', null, 'Etiam vel augue.', 'Bartoszewicz', 'Acom', '2022-04-23', '2022-06-25')
       , (37, 'fkaa2', null, 'Morbi non lectus.', 'Conklin', 'Altimas', '2022-08-16', '2022-08-13')
       , (97, 'fkaa2', null, 'Mauris lacinia sapien quis libero.', 'Goldsbrough', 'Jahnig', '2023-02-09', '2022-07-18')
       , (105, 'fkaa2', null, 'In hac habitasse platea dictumst.', 'Schindler', 'Cowle', '2022-10-18', '2022-08-27')
       , (88, 'fkaa2', null, 'Lorem ipsum dolor sit amet, consectetuer adipiscing elit.', 'Botger', 'Ridding', '2022-04-20', '2022-12-30')
       , (76, 'fkaa', null, 'Nulla suscipit ligula in lacus.', 'Hatchett', 'Plackstone', '2022-06-26', '2022-07-21')
       , (122, 'fkaa', null, 'Vivamus metus arcu, adipiscing molestie, hendrerit at, vulputate vitae, nisl.', 'Klimko', 'Cuesta', '2022-09-27', '2022-10-07')
       , (27, 'fkaa', null, 'Aenean sit amet justo.', 'Spittles', 'Gowdie', '2022-09-07', '2022-12-15')
       , (58, 'fkaa', null, 'Nulla justo.', 'Druhan', 'Manginot', '2023-01-03', '2022-08-23')
       , (92, 'fkaa', null, 'Sed vel enim sit amet nunc viverra dapibus.', 'Kmicicki', 'Pecha', '2022-04-11', '2022-05-05')
       , (95, 'fkaa', null, 'Aliquam augue quam, sollicitudin vitae, consectetuer eget, rutrum at, lorem.', 'De Brett', 'Baseke', '2022-07-01', '2022-12-23')
       , (93, 'fkaa', null, 'Sed vel enim sit amet nunc viverra dapibus.', 'Drinan', 'Ebbins', '2022-06-05', '2022-11-27')
       , (88, 'fkaa', null, 'Phasellus sit amet erat.', 'Boam', 'Butterley', '2022-11-04', '2022-11-04')
       , (8, 'fkaa', null, 'Proin at turpis a pede posuere nonummy.', 'Packwood', 'Bowmen', '2022-08-30', '2022-08-10')
       , (98, 'fkaa', null, 'Nulla neque libero, convallis eget, eleifend luctus, ultricies eu, nibh.', 'Midlane', 'De Wolfe', '2023-01-26', '2022-04-19')
       , (2, 'fkaa', null, 'Vivamus tortor.', 'Anger', 'Casford', '2022-04-19', '2022-05-16')
       , (13, 'fkaa', null, 'Lorem ipsum dolor sit amet, consectetuer adipiscing elit.', 'Duding', 'Robinett', '2022-06-05', '2022-10-25')
       , (117, 'fkaa', null, 'Integer ac leo.', 'Vine', 'Frayne', '2022-11-13', '2022-05-25')
       , (37, 'fkaa', null, 'Vivamus tortor.', 'Borborough', 'Aikett', '2023-02-22', '2022-11-27')
       , (17, 'fkaa', null, 'Cras mi pede, malesuada in, imperdiet et, commodo vulputate, justo.', 'Cawdery', 'Bunyard', '2022-06-18', '2022-11-06')
       , (10, 'fkaa', null, 'Morbi non quam nec dui luctus rutrum.', 'Sambath', 'Haddon', '2022-05-24', '2022-12-11')
       , (89, 'fkaa', null, 'Nam nulla.', 'O''Keenan', 'Housiaux', '2022-07-10', '2022-05-03')
       , (13, 'fkaa', null, 'Vestibulum ante ipsum primis in faucibus orci luctus et ultrices posuere cubilia Curae; Nulla dapibus dolor vel est.', 'Bentke', 'Youthed', '2022-06-28', '2022-05-18')
       , (84, 'fkaa', null, 'Praesent lectus.', 'Gensavage', 'Buzine', '2023-01-21', '2022-09-27')
       , (123, 'fkaa', null, 'Sed vel enim sit amet nunc viverra dapibus.', 'Johananov', 'Sansam', '2023-02-12', '2023-02-16')
       , (34, 'fkaa', null, 'Aenean sit amet justo.', 'Ghioni', 'Makeswell', '2022-03-31', '2022-08-13')
       , (94, 'fkaa', null, 'Praesent lectus.', 'Buggy', 'Coghlin', '2022-09-25', '2022-02-25')
       , (23, 'fkaa', null, 'Integer non velit.', 'Crosser', 'Lytle', '2022-05-20', '2023-01-31')
       , (3, 'fkaa', null, 'Curabitur gravida nisi at nibh.', 'Kippax', 'Barkway', '2022-11-22', '2023-01-25')
       , (20, 'fkaa', null, 'Morbi non quam nec dui luctus rutrum.', 'McLuckie', 'Presser', '2022-05-27', '2022-08-23')
       , (62, 'fkaa', null, 'Vestibulum ante ipsum primis in faucibus orci luctus et ultrices posuere cubilia Curae; Nulla dapibus dolor vel est.', 'Oblein', 'Mcwhinnie', '2022-03-02', '2022-03-28')
       , (113, 'fkaa', null, 'Cras non velit nec nisi vulputate nonummy.', 'Oxbe', 'Ipsgrave', '2022-10-17', '2023-02-07')
       , (2, 'fkaa', null, 'Donec semper sapien a libero.', 'Pinks', 'Klausen', '2022-03-19', '2022-04-29')
       , (123, 'fkaa', null, 'Maecenas ut massa quis augue luctus tincidunt.', 'Juhruke', 'Claw', '2022-11-13', '2022-07-13')
       , (79, 'fkaa', null, 'Donec diam neque, vestibulum eget, vulputate ut, ultrices vel, augue.', 'Jancik', 'Willatts', '2022-08-01', '2022-08-27')
       , (37, 'fkaa', null, 'Vivamus in felis eu sapien cursus vestibulum.', 'Pomfrett', 'Scanterbury', '2023-01-29', '2022-03-12')
       , (81, 'fkaa', null, 'Aenean lectus.', 'Wanek', 'Walden', '2022-03-02', '2022-10-03')
       , (13, 'fkaa', null, 'Integer ac neque.', 'Howett', 'Jarad', '2022-12-24', '2023-01-15')
       , (43, 'fkaa', null, 'Quisque ut erat.', 'Horley', 'Physick', '2022-10-29', '2022-03-31')
       , (44, 'fkaa', null, 'Maecenas ut massa quis augue luctus tincidunt.', 'Wevell', 'Goakes', '2022-03-03', '2022-10-28')
       , (70, 'fkaa', null, 'Pellentesque ultrices mattis odio.', 'Wadeling', 'Gurnett', '2022-03-26', '2022-09-17')
       , (116, 'fkaa', null, 'Fusce lacus purus, aliquet at, feugiat non, pretium quis, lectus.', 'Petherick', 'Prebble', '2022-05-29', '2022-07-20')
       , (92, 'fkaa', null, 'Cras pellentesque volutpat dui.', 'Skarr', 'Boggers', '2022-12-20', '2023-02-07')
       , (59, 'fkaa', null, 'Donec dapibus.', 'Tibbits', 'Corben', '2023-02-01', '2022-11-20')
       , (122, 'fkaa', null, 'Nulla ut erat id mauris vulputate elementum.', 'Whannel', 'Piperley', '2023-01-14', '2022-11-28')
       , (21, 'fkaa', null, 'Morbi non quam nec dui luctus rutrum.', 'Thomasset', 'Arnott', '2022-10-08', '2022-11-06')
       , (119, 'fkaa', null, 'Vestibulum ac est lacinia nisi venenatis tristique.', 'MacQuist', 'Mont', '2022-08-25', '2022-05-15')
       , (109, 'fkaa', null, 'Vestibulum quam sapien, varius ut, blandit non, interdum in, ante.', 'Patsall', 'Crooke', '2022-05-08', '2022-05-08')
       , (55, 'fkaa', null, 'Quisque erat eros, viverra eget, congue eget, semper rutrum, nulla.', 'Esslemont', 'Leakner', '2022-09-11', '2022-07-19')
       , (66, 'fkaa', null, 'Mauris enim leo, rhoncus sed, vestibulum sit amet, cursus id, turpis.', 'Adao', 'Welden', '2022-08-30', '2022-10-25')
       , (38, 'fkaa', null, 'Aliquam non mauris.', 'Lillicrap', 'Oxtaby', '2022-02-26', '2022-09-28')
       , (121, 'fkaa', null, 'Sed vel enim sit amet nunc viverra dapibus.', 'Howorth', 'Kelly', '2022-11-06', '2022-09-15')
       , (115, 'fkaa', null, 'Cras mi pede, malesuada in, imperdiet et, commodo vulputate, justo.', 'Chartre', 'Maudson', '2022-04-23', '2023-02-11')
       , (19, 'fkaa', null, 'Praesent blandit lacinia erat.', 'Leipelt', 'Barukh', '2022-08-07', '2022-03-17')
       , (43, 'fkaa', null, 'Maecenas rhoncus aliquam lacus.', 'Jachimiak', 'Valois', '2022-03-22', '2022-04-03')
       , (87, 'fkaa', null, 'Cras pellentesque volutpat dui.', 'Langhorn', 'Ville', '2022-10-26', '2022-03-21')
       , (63, 'fkaa', null, 'Nam congue, risus semper porta volutpat, quam pede lobortis ligula, sit amet eleifend pede libero quis orci.', 'Witherbed', 'Wilmore', '2023-01-04', '2022-11-26')
       , (64, 'fkaa', null, 'Duis at velit eu est congue elementum.', 'Cancellario', 'Haryngton', '2022-06-14', '2023-01-22')
       , (61, 'fkaa', null, 'Donec quis orci eget orci vehicula condimentum.', 'Aujouanet', 'Matonin', '2022-06-11', '2022-04-13')
       , (35, 'fkaa', null, 'In hac habitasse platea dictumst.', 'Dyte', 'Thalmann', '2022-08-13', '2022-03-21')
       , (119, 'fkaa', null, 'Nunc purus.', 'Robiot', 'Hymer', '2022-03-22', '2022-05-28')
       , (34, 'fkaa', null, 'Morbi odio odio, elementum eu, interdum eu, tincidunt in, leo.', 'Simony', 'Hunn', '2022-10-18', '2022-06-21')
       , (112, 'fkaa', null, 'Duis ac nibh.', 'Edgecumbe', 'Antoinet', '2022-06-22', '2022-07-07')
       , (103, 'fkaa', null, 'Nullam sit amet turpis elementum ligula vehicula consequat.', 'Spridgen', 'Janton', '2022-11-27', '2022-05-16')
       , (27, 'fkaa', null, 'Integer aliquet, massa id lobortis convallis, tortor risus dapibus augue, vel accumsan tellus nisi eu orci.', 'Mullen', 'Romayne', '2022-03-13', '2022-12-29')
       , (91, 'fkaa', null, 'Nulla mollis molestie lorem.', 'McIleen', 'Linskey', '2022-03-23', '2022-06-10')
       , (85, 'fkaa', null, 'Integer aliquet, massa id lobortis convallis, tortor risus dapibus augue, vel accumsan tellus nisi eu orci.', 'Winsor', 'Tivolier', '2022-12-20', '2023-01-02')
       , (72, 'fkaa', null, 'Phasellus in felis.', 'O''Rodane', 'Axby', '2022-09-25', '2023-01-30')
       , (118, 'fkaa', null, 'Nam dui.', 'Kasbye', 'Bendelow', '2022-03-31', '2022-12-15')
       , (3, 'fkaa', null, 'Nulla justo.', 'Rosindill', 'Walbrook', '2022-04-04', '2023-01-03')
       , (7, 'fkaa', null, 'Mauris enim leo, rhoncus sed, vestibulum sit amet, cursus id, turpis.', 'Abrahamson', 'Cuer', '2023-02-06', '2022-05-03')
       , (55, 'fkaa', null, 'Duis bibendum, felis sed interdum venenatis, turpis enim blandit mi, in porttitor pede justo eu massa.', 'Jiggle', 'Davidoff', '2022-05-26', '2022-03-31')
       , (31, 'fkaa', null, 'Mauris sit amet eros.', 'Norcross', 'Dalmon', '2022-04-28', '2022-12-23')
       , (89, 'fkaa', null, 'Etiam faucibus cursus urna.', 'O''Currane', 'Arnald', '2023-01-08', '2022-06-02')
       , (23, 'fkaa', null, 'Suspendisse potenti.', 'Vearnals', 'Rosenshine', '2022-11-03', '2022-07-15')
       , (59, 'fkaa', null, 'Vestibulum quam sapien, varius ut, blandit non, interdum in, ante.', 'Darmody', 'Matus', '2022-09-16', '2022-06-05')
       , (87, 'fkaa', null, 'Vestibulum sed magna at nunc commodo placerat.', 'Titcomb', 'Sharpus', '2022-06-27', '2022-03-24')
       , (50, 'fkaa', null, 'Nulla neque libero, convallis eget, eleifend luctus, ultricies eu, nibh.', 'Durrant', 'Jeger', '2022-04-08', '2022-08-30')
       , (22, 'fkaa', null, 'Nulla ac enim.', 'Sharply', 'Dawidowitz', '2022-05-16', '2022-10-29')
       , (74, 'fkaa', null, 'Mauris sit amet eros.', 'Sertin', 'Caitlin', '2022-11-21', '2022-03-04')
       , (25, 'fkaa', null, 'Maecenas ut massa quis augue luctus tincidunt.', 'Howerd', 'Chippendale', '2022-08-01', '2023-02-20')
       , (59, 'fkaa', null, 'Duis aliquam convallis nunc.', 'Duer', 'Skipsea', '2022-04-01', '2023-01-16')
       , (27, 'fkaa', null, 'Suspendisse potenti.', 'Riepl', 'Eke', '2022-07-14', '2022-03-24')
       , (93, 'fkaa', null, 'Integer non velit.', 'Monkley', 'Mcimmie', '2022-12-16', '2023-02-08')
       , (83, 'fkaa', null, 'Maecenas tristique, est et tempus semper, est quam pharetra magna, ac consequat metus sapien ut nunc.', 'Coomer', 'Blurton', '2022-10-14', '2022-04-24')
       , (94, 'fkaa', null, 'Aliquam erat volutpat.', 'Iskow', 'Baton', '2022-11-14', '2022-03-19')
       , (66, 'fkaa', null, 'Vivamus vel nulla eget eros elementum pellentesque.', 'Lyddiard', 'Eames', '2022-11-26', '2022-04-07')
       , (1, 'fkaa', null, 'Lorem ipsum dolor sit amet, consectetuer adipiscing elit.', 'Caswill', 'Hutable', '2022-04-30', '2022-10-11')
       , (11, 'fkaa', null, 'Phasellus id sapien in sapien iaculis congue.', 'Trayling', 'Van der Brugge', '2022-04-28', '2022-12-21')
       , (121, 'fkaa', null, 'Proin leo odio, porttitor id, consequat in, consequat ut, nulla.', 'Sieur', 'Juorio', '2022-12-04', '2022-12-17')
       , (86, 'fkaa', null, 'Aliquam augue quam, sollicitudin vitae, consectetuer eget, rutrum at, lorem.', 'Pym', 'Hryniewicz', '2022-11-06', '2022-07-31')
       , (51, 'fkaa', null, 'Curabitur gravida nisi at nibh.', 'Gregorin', 'Kall', '2022-07-26', '2022-05-22')
       , (71, 'fkaa', null, 'Curabitur in libero ut massa volutpat convallis.', 'Bogaert', 'Bownd', '2023-02-20', '2022-03-17')
       , (71, 'fkaa', null, 'Morbi sem mauris, laoreet ut, rhoncus aliquet, pulvinar sed, nisl.', 'Duval', 'Caplen', '2022-09-03', '2022-12-31')
       , (99, 'fkaa', null, 'Lorem ipsum dolor sit amet, consectetuer adipiscing elit.', 'D''Alessio', 'Conniam', '2022-05-28', '2022-11-28')
       , (30, 'fkaa', null, 'Pellentesque at nulla.', 'Jerrolt', 'Imorts', '2022-06-01', '2022-11-23')
       , (98, 'fkaa', null, 'Sed sagittis.', 'Heliot', 'Dinsdale', '2022-11-02', '2022-09-27')
       , (84, 'fkaa', null, 'Donec diam neque, vestibulum eget, vulputate ut, ultrices vel, augue.', 'Vaan', 'Astridge', '2022-10-30', '2022-03-08')
       , (26, 'fkaa', null, 'Vivamus in felis eu sapien cursus vestibulum.', 'Maxted', 'Sole', '2022-03-06', '2022-09-05')
       , (77, 'fkaa', null, 'Donec ut dolor.', 'Marvin', 'Ludwikiewicz', '2022-04-02', '2023-01-12')
       , (114, 'fkaa', null, 'Aliquam quis turpis eget elit sodales scelerisque.', 'Dorbon', 'Helgass', '2022-12-30', '2022-09-21')
       , (24, 'fkaa', null, 'Pellentesque viverra pede ac diam.', 'Leishman', 'McCurdy', '2022-03-21', '2022-04-24')
       , (121, 'fkaa', null, 'Integer non velit.', 'Allridge', 'Boulding', '2022-09-27', '2022-05-25')
       , (92, 'fkaa', null, 'Duis consequat dui nec nisi volutpat eleifend.', 'Bogies', 'Cracknall', '2022-09-01', '2022-11-13')
       , (65, 'fkaa', null, 'Pellentesque viverra pede ac diam.', 'Burford', 'Heinemann', '2022-12-24', '2022-05-31')
       , (74, 'fkaa', null, 'Aliquam augue quam, sollicitudin vitae, consectetuer eget, rutrum at, lorem.', 'Onians', 'Zorzenoni', '2022-09-07', '2022-02-24')
       , (70, 'fkaa', null, 'Aenean fermentum.', 'Bascombe', 'Fishbourne', '2022-08-31', '2022-12-22')
       , (93, 'fkaa', null, 'Nunc nisl.', 'Ply', 'Hedgeman', '2022-11-21', '2022-11-06')
       , (27, 'fkaa', null, 'Vestibulum ac est lacinia nisi venenatis tristique.', 'Rens', 'Dussy', '2022-07-24', '2022-10-28')
       , (23, 'fkaa', null, 'Aenean sit amet justo.', 'Northin', 'Jobling', '2022-06-21', '2022-09-04')
       , (49, 'fkaa', null, 'Aliquam quis turpis eget elit sodales scelerisque.', 'Authers', 'Spillman', '2022-09-08', '2022-06-23')
       , (63, 'fkaa', null, 'Curabitur at ipsum ac tellus semper interdum.', 'Limrick', 'Hallowes', '2022-05-07', '2022-04-16')
       , (5, 'fkaa', null, 'Mauris sit amet eros.', 'Paolone', 'Cucinotta', '2022-07-17', '2022-10-07')
       , (20, 'fkaa', null, 'Maecenas tristique, est et tempus semper, est quam pharetra magna, ac consequat metus sapien ut nunc.', 'Toothill', 'Woodthorpe', '2022-05-14', '2022-11-24')
       , (14, 'fkaa', null, 'Praesent lectus.', 'Farrant', 'Pheazey', '2022-04-17', '2022-07-06')
       , (75, 'fkaa', null, 'Sed ante.', 'Hamlett', 'de Courcy', '2022-07-29', '2022-08-04')
       , (118, 'fkaa', null, 'Mauris sit amet eros.', 'Spaven', 'Rays', '2022-09-08', '2022-11-19')
       , (114, 'fkaa', null, 'Duis mattis egestas metus.', 'Ogden', 'Karlowicz', '2022-10-01', '2022-09-22')
       , (17, 'fkaa', null, 'Integer non velit.', 'Magnar', 'Arr', '2022-07-17', '2022-12-23')
       , (60, 'fkaa', null, 'Nulla tellus.', 'McGrey', 'Howles', '2022-07-17', '2023-01-13')
       , (53, 'fkaa', null, 'Integer ac neque.', 'Hover', 'Pechet', '2023-01-22', '2022-12-09')
       , (89, 'fkaa', null, 'Proin leo odio, porttitor id, consequat in, consequat ut, nulla.', 'Farriar', 'Allawy', '2022-12-08', '2023-02-07')
       , (26, 'fkaa', null, 'Vestibulum quam sapien, varius ut, blandit non, interdum in, ante.', 'Ongin', 'Colrein', '2023-01-10', '2022-07-18')
       , (13, 'fkaa', null, 'Fusce posuere felis sed lacus.', 'Falco', 'Sargison', '2022-11-20', '2022-02-24')
       , (67, 'fkaa', null, 'Etiam faucibus cursus urna.', 'Muat', 'Blankenship', '2022-06-27', '2022-09-12')
       , (66, 'fkaa', null, 'Curabitur in libero ut massa volutpat convallis.', 'Hinkens', 'Laying', '2022-07-01', '2022-10-08')
       , (4, 'fkaa', null, 'Praesent id massa id nisl venenatis lacinia.', 'Brocklesby', 'Frostdyke', '2022-04-25', '2022-11-06')
       , (95, 'fkaa', null, 'Nulla mollis molestie lorem.', 'MacUchadair', 'Fills', '2022-11-05', '2022-08-15')
       , (100, 'fkaa', null, 'Etiam vel augue.', 'Mc Mechan', 'Dyas', '2022-08-18', '2022-06-26')
       , (22, 'fkaa', null, 'Duis consequat dui nec nisi volutpat eleifend.', 'Mousby', 'Huller', '2022-02-23', '2022-12-10')
       , (62, 'fkaa', null, 'Donec vitae nisi.', 'Collingworth', 'Riordan', '2022-09-29', '2022-04-23')
       , (122, 'fkaa', null, 'Maecenas rhoncus aliquam lacus.', 'Beasant', 'Arran', '2022-10-17', '2022-02-28')
       , (117, 'fkaa', null, 'Integer aliquet, massa id lobortis convallis, tortor risus dapibus augue, vel accumsan tellus nisi eu orci.', 'Chew', 'Cordsen', '2022-06-05', '2022-11-02')
       , (27, 'fkaa', null, 'Nulla mollis molestie lorem.', 'Heaney`', 'Mistry', '2022-06-24', '2022-09-13')
       , (84, 'fkaa', null, 'Aliquam quis turpis eget elit sodales scelerisque.', 'Binning', 'Nurny', '2022-11-08', '2022-12-23')
       , (58, 'fkaa', null, 'Vestibulum ante ipsum primis in faucibus orci luctus et ultrices posuere cubilia Curae; Mauris viverra diam vitae quam.', 'Bagby', 'Bailles', '2022-03-26', '2022-05-31')
       , (88, 'fkaa', null, 'Vestibulum ante ipsum primis in faucibus orci luctus et ultrices posuere cubilia Curae; Nulla dapibus dolor vel est.', 'Bullard', 'Freckingham', '2022-07-11', '2022-07-12')
       , (13, 'fkaa', null, 'Nam ultrices, libero non mattis pulvinar, nulla pede ullamcorper augue, a suscipit nulla elit ac nulla.', 'Derr', 'Insworth', '2023-02-22', '2022-04-30')
       , (122, 'fkaa', null, 'Donec ut mauris eget massa tempor convallis.', 'Perillo', 'Wray', '2022-04-25', '2022-07-29')
       , (74, 'fkaa', null, 'Cum sociis natoque penatibus et magnis dis parturient montes, nascetur ridiculus mus.', 'Pischoff', 'Lethbury', '2022-08-26', '2022-05-31')
       , (33, 'fkaa', null, 'Nulla mollis molestie lorem.', 'Haysham', 'Nast', '2022-12-01', '2023-01-24')
       , (114, 'fkaa', null, 'Praesent lectus.', 'Ledeker', 'Dunklee', '2022-08-03', '2022-06-21')
       , (43, 'fkaa', null, 'Proin eu mi.', 'Skeldon', 'Skerme', '2022-11-10', '2022-05-07')
       , (85, 'fkaa2', null, 'Aenean fermentum.', 'Burland', 'Oliffe', '2022-10-15', '2023-02-07')
       , (20, 'fkaa2', null, 'Nullam porttitor lacus at turpis.', 'Birtles', 'Vallentine', '2022-07-19', '2022-12-12')
       , (12, 'fkaa2', null, 'In est risus, auctor sed, tristique in, tempus sit amet, sem.', 'Hazzard', 'Rabbatts', '2022-09-24', '2022-12-03')
       , (41, 'fkaa2', null, 'Aliquam non mauris.', 'Feldhammer', 'Blagdon', '2022-08-31', '2022-05-25')
       , (46, 'fkaa2', null, 'Vivamus metus arcu, adipiscing molestie, hendrerit at, vulputate vitae, nisl.', 'Kennermann', 'Karpenko', '2022-04-14', '2022-06-14')
       , (3, 'fkaa2', null, 'Donec semper sapien a libero.', 'Whitty', 'Paolotto', '2022-12-09', '2022-11-02')
       , (26, 'fkaa2', null, 'Vestibulum ante ipsum primis in faucibus orci luctus et ultrices posuere cubilia Curae; Donec pharetra, magna vestibulum aliquet ultrices, erat tortor sollicitudin mi, sit amet lobortis sapien sapien non mi.', 'Fishleigh', 'Colquhoun', '2022-05-29', '2022-07-26')
       , (85, 'fkaa2', null, 'Nullam sit amet turpis elementum ligula vehicula consequat.', 'Headan', 'Leuren', '2022-03-16', '2022-12-13')
       , (2, 'fkaa2', null, 'Cum sociis natoque penatibus et magnis dis parturient montes, nascetur ridiculus mus.', 'Doniso', 'Iredale', '2022-07-19', '2022-06-06')
       , (22, 'fkaa2', null, 'Aenean auctor gravida sem.', 'O''Dowling', 'Beeton', '2023-01-27', '2022-12-07')
       , (18, 'fkaa2', null, 'Praesent blandit lacinia erat.', 'Erley', 'Pegram', '2023-02-07', '2023-02-17')
       , (123, 'fkaa', null, 'Nam dui.', 'Crosier', 'Fumagall', '2022-11-01', '2022-06-25')
       , (37, 'fkaa', null, 'Morbi a ipsum.', 'Lahive', 'Reinbeck', '2022-04-11', '2023-02-01')
       , (87, 'fkaa', null, 'Lorem ipsum dolor sit amet, consectetuer adipiscing elit.', 'Klainman', 'Darkin', '2022-04-06', '2023-02-07')
       , (83, 'fkaa', null, 'Donec semper sapien a libero.', 'Pierson', 'Munt', '2022-04-07', '2022-05-17')
       , (120, 'fkaa', null, 'Nulla ac enim.', 'Alderton', 'Obern', '2022-07-31', '2022-10-05')
       , (7, 'fkaa', null, 'Cum sociis natoque penatibus et magnis dis parturient montes, nascetur ridiculus mus.', 'Clelle', 'McAviy', '2022-07-24', '2022-07-25')
       , (4, 'fkaa', null, 'Aliquam non mauris.', 'Timblett', 'Loalday', '2022-10-26', '2022-05-12')
       , (9, 'fkaa', null, 'Cras non velit nec nisi vulputate nonummy.', 'Muge', 'Colebourne', '2023-02-14', '2022-05-15')
       , (88, 'fkaa', null, 'Nulla ut erat id mauris vulputate elementum.', 'Bohling', 'O''Malley', '2023-02-09', '2022-12-05')
       , (73, 'fkaa', null, 'Vestibulum quam sapien, varius ut, blandit non, interdum in, ante.', 'Sobtka', 'Huot', '2022-08-01', '2022-10-23')
       , (84, 'fkaa', null, 'Donec posuere metus vitae ipsum.', 'Boyne', 'Sliney', '2022-04-12', '2022-08-24')
       , (65, 'fkaa', null, 'Nam congue, risus semper porta volutpat, quam pede lobortis ligula, sit amet eleifend pede libero quis orci.', 'Shiliton', 'MacDougal', '2023-02-05', '2022-11-07')
       , (106, 'fkaa', null, 'Duis mattis egestas metus.', 'Nevin', 'Colecrough', '2022-08-22', '2022-08-20')
       , (3, 'fkaa', null, 'Nam nulla.', 'Handscombe', 'Woodcraft', '2022-10-09', '2022-08-17')
       , (13, 'fkaa', null, 'Quisque porta volutpat erat.', 'Norkett', 'Greson', '2022-09-01', '2022-07-01')
       , (51, 'fkaa', null, 'Duis at velit eu est congue elementum.', 'Pirdy', 'Salvador', '2022-10-02', '2022-08-11')
       , (46, 'fkaa', null, 'Curabitur convallis.', 'Nugent', 'Meni', '2022-09-08', '2023-01-24')
       , (64, 'fkaa', null, 'Morbi ut odio.', 'Maydway', 'Filipson', '2022-09-30', '2023-01-09')
       , (115, 'fkaa', null, 'In quis justo.', 'Antczak', 'Pennacci', '2022-09-07', '2023-01-17')
       , (105, 'fkaa', null, 'Vivamus in felis eu sapien cursus vestibulum.', 'Hattam', 'Timothy', '2022-09-07', '2022-11-21')
       , (119, 'fkaa', null, 'Maecenas tincidunt lacus at velit.', 'Crix', 'Baulch', '2023-02-10', '2022-07-30')
       , (13, 'fkaa', null, 'Sed ante.', 'Trematick', 'Sawyers', '2022-09-11', '2022-05-25')
       , (1, 'fkaa', null, 'Etiam pretium iaculis justo.', 'Moger', 'Frearson', '2022-08-03', '2022-07-29')
       , (123, 'fkaa', null, 'Nullam porttitor lacus at turpis.', 'Sear', 'Diable', '2022-04-06', '2022-03-10')
       , (40, 'fkaa', null, 'In est risus, auctor sed, tristique in, tempus sit amet, sem.', 'Hercules', 'Salandino', '2022-06-24', '2022-06-15')
       , (89, 'fkaa', null, 'Aliquam quis turpis eget elit sodales scelerisque.', 'Aldin', 'Barnwell', '2022-08-24', '2022-11-08')
       , (93, 'fkaa', null, 'Mauris sit amet eros.', 'Diehn', 'Yalden', '2023-01-08', '2022-09-21')
       , (56, 'fkaa', null, 'Pellentesque eget nunc.', 'Shelbourne', 'Bonelle', '2022-07-23', '2022-12-17')
       , (78, 'fkaa', null, 'Nullam orci pede, venenatis non, sodales sed, tincidunt eu, felis.', 'Yacobsohn', 'Robben', '2022-07-26', '2022-12-31')
       , (64, 'fkaa', null, 'Nulla tempus.', 'Trythall', 'Lasham', '2022-05-29', '2023-01-29')
       , (33, 'fkaa', null, 'Donec posuere metus vitae ipsum.', 'Seamans', 'Fer', '2022-03-20', '2022-12-01')
       , (21, 'fkaa', null, 'Morbi quis tortor id nulla ultrices aliquet.', 'Esbrook', 'Bengall', '2022-08-14', '2022-09-29')
       , (60, 'fkaa', null, 'Vestibulum ante ipsum primis in faucibus orci luctus et ultrices posuere cubilia Curae; Duis faucibus accumsan odio.', 'Avraam', 'Horsfield', '2022-03-14', '2022-08-09')
       , (109, 'fkaa', null, 'Vivamus vel nulla eget eros elementum pellentesque.', 'Fishleigh', 'Pollett', '2022-04-27', '2022-12-02')
       , (98, 'fkaa', null, 'Fusce congue, diam id ornare imperdiet, sapien urna pretium nisl, ut volutpat sapien arcu sed augue.', 'Lasslett', 'Drees', '2023-01-20', '2022-05-15')
       , (92, 'fkaa', null, 'Suspendisse potenti.', 'Coslett', 'Roeby', '2022-03-26', '2022-10-17')
       , (121, 'fkaa', null, 'Proin risus.', 'McGinlay', 'Brilleman', '2022-12-15', '2022-07-06')
       , (1, 'fkaa', null, 'Nam nulla.', 'Klassman', 'Peyto', '2022-05-20', '2023-01-01')
       , (45, 'fkaa', null, 'Curabitur gravida nisi at nibh.', 'Poulett', 'McCawley', '2022-07-21', '2022-03-19')
       , (72, 'fkaa', null, 'Vestibulum ante ipsum primis in faucibus orci luctus et ultrices posuere cubilia Curae; Donec pharetra, magna vestibulum aliquet ultrices, erat tortor sollicitudin mi, sit amet lobortis sapien sapien non mi.', 'Kumaar', 'Gaishson', '2022-06-18', '2022-07-27')
       , (9, 'fkaa', null, 'Aliquam non mauris.', 'Thiese', 'Ettritch', '2022-12-05', '2022-11-21')
       , (40, 'fkaa', null, 'Etiam pretium iaculis justo.', 'Clemo', 'L'' Anglois', '2022-11-07', '2022-07-24')
       , (107, 'fkaa', null, 'Duis bibendum.', 'Cufflin', 'Laverock', '2022-11-01', '2022-08-19')
       , (111, 'fkaa', null, 'Morbi vestibulum, velit id pretium iaculis, diam erat fermentum justo, nec condimentum neque sapien placerat ante.', 'Backe', 'Brfkaatti', '2022-07-08', '2022-03-31')
       , (119, 'fkaa', null, 'Nulla ac enim.', 'Duguid', 'McAnellye', '2022-04-14', '2022-09-19')
       , (56, 'fkaa', null, 'Proin leo odio, porttitor id, consequat in, consequat ut, nulla.', 'Dunsmore', 'Blazeby', '2023-01-08', '2022-08-26')
       , (107, 'fkaa', null, 'Morbi ut odio.', 'Dunkerley', 'Harness', '2022-05-29', '2022-06-13')
       , (101, 'fkaa', null, 'Morbi non quam nec dui luctus rutrum.', 'Teacy', 'Stannard', '2023-01-08', '2022-12-28')
       , (27, 'fkaa', null, 'Mauris sit amet eros.', 'Laxe', 'Freckingham', '2023-02-18', '2022-09-06')
       , (118, 'fkaa', null, 'Integer ac neque.', 'Bosanko', 'Espinoza', '2022-06-12', '2022-08-07')
       , (46, 'fkaa', null, 'Morbi a ipsum.', 'Hunn', 'Benitez', '2022-12-16', '2022-07-22')
       , (84, 'fkaa', null, 'Aenean sit amet justo.', 'Volette', 'Seymer', '2023-02-05', '2022-03-04')
       , (106, 'fkaa', null, 'In hac habitasse platea dictumst.', 'Hubert', 'Speed', '2022-06-12', '2022-09-21')
       , (14, 'fkaa', null, 'Vestibulum sed magna at nunc commodo placerat.', 'Pavis', 'Fouldes', '2022-05-11', '2022-06-06')
       , (52, 'fkaa', null, 'Donec dapibus.', 'Averill', 'Murphy', '2022-04-06', '2022-11-30')
       , (55, 'fkaa', null, 'Quisque porta volutpat erat.', 'Delooze', 'Christensen', '2022-11-08', '2022-06-20')
       , (57, 'fkaa', null, 'Phasellus id sapien in sapien iaculis congue.', 'Curran', 'Vobes', '2022-07-14', '2022-07-13')
       , (104, 'fkaa', null, 'Aliquam non mauris.', 'O''Connell', 'Byford', '2022-08-31', '2022-04-21')
       , (107, 'fkaa', null, 'Quisque arcu libero, rutrum ac, lobortis vel, dapibus at, diam.', 'Wallenger', 'Baccup', '2022-02-25', '2022-07-28')
       , (119, 'fkaa', null, 'Donec odio justo, sollicitudin ut, suscipit a, feugiat et, eros.', 'Collinette', 'Haddeston', '2022-10-12', '2022-04-06')
       , (3, 'fkaa', null, 'Nulla tellus.', 'Denisot', 'Gheorghie', '2022-11-06', '2022-02-28')
       , (57, 'fkaa', null, 'Proin eu mi.', 'Sodor', 'Bernardini', '2022-10-26', '2022-05-24')
       , (42, 'fkaa', null, 'Aliquam quis turpis eget elit sodales scelerisque.', 'Tregona', 'Burdikin', '2022-03-29', '2023-02-04')
       , (14, 'fkaa', null, 'Etiam justo.', 'Menichino', 'Woolmington', '2022-06-21', '2022-07-06')
       , (44, 'fkaa', null, 'Vivamus tortor.', 'Vigus', 'Tolworth', '2022-08-17', '2022-06-30')
       , (108, 'fkaa', null, 'Sed vel enim sit amet nunc viverra dapibus.', 'Smedmore', 'Annakin', '2022-06-12', '2022-09-27')
       , (23, 'fkaa', null, 'Donec semper sapien a libero.', 'Feake', 'Conlon', '2022-03-11', '2022-05-26')
       , (92, 'fkaa', null, 'Vestibulum ac est lacinia nisi venenatis tristique.', 'Brend', 'Rowlson', '2022-12-19', '2022-08-23')
       , (117, 'fkaa', null, 'Duis bibendum.', 'Blenkinsopp', 'Pawnsford', '2022-04-08', '2023-02-22')
       , (109, 'fkaa', null, 'Nunc rhoncus dui vel sem.', 'Eouzan', 'Sowten', '2022-09-06', '2022-11-02')
       , (39, 'fkaa', null, 'Maecenas rhoncus aliquam lacus.', 'Malshinger', 'Albasini', '2023-01-02', '2022-09-17')
       , (33, 'fkaa', null, 'Quisque arcu libero, rutrum ac, lobortis vel, dapibus at, diam.', 'Marchenko', 'MacKenney', '2022-04-17', '2022-02-26')
       , (123, 'fkaa', null, 'Suspendisse accumsan tortor quis turpis.', 'Gairdner', 'Ironmonger', '2022-08-06', '2022-11-07')
       , (100, 'fkaa', null, 'Morbi vel lectus in quam fringilla rhoncus.', 'Nicholas', 'Murdoch', '2022-07-08', '2022-04-02')
       , (79, 'fkaa', null, 'Nulla nisl.', 'Le Huquet', 'Spensly', '2023-01-07', '2022-09-22')
       , (13, 'fkaa', null, 'In hac habitasse platea dictumst.', 'Birdseye', 'Pearn', '2022-10-31', '2022-04-25')
       , (99, 'fkaa', null, 'Vestibulum ante ipsum primis in faucibus orci luctus et ultrices posuere cubilia Curae; Nulla dapibus dolor vel est.', 'Spore', 'Hardington', '2022-09-19', '2022-10-14')
       , (58, 'fkaa', null, 'Cras pellentesque volutpat dui.', 'Gallemore', 'Pavia', '2022-10-06', '2022-03-16')
       , (78, 'fkaa', null, 'Vestibulum ante ipsum primis in faucibus orci luctus et ultrices posuere cubilia Curae; Mauris viverra diam vitae quam.', 'Schoolcroft', 'Normanville', '2022-12-22', '2022-12-11')
       , (90, 'fkaa', null, 'Maecenas tincidunt lacus at velit.', 'Jost', 'Gosneye', '2022-08-19', '2022-03-14')
       , (123, 'fkaa', null, 'Quisque porta volutpat erat.', 'Tilliards', 'Hussell', '2022-11-17', '2023-01-21')
       , (2, 'fkaa', null, 'Donec ut dolor.', 'Swatton', 'Lynthal', '2023-01-17', '2022-04-07')
       , (123, 'fkaa', null, 'Fusce lacus purus, aliquet at, feugiat non, pretium quis, lectus.', 'Morfell', 'Sparhawk', '2022-12-04', '2023-02-12')
       , (10, 'fkaa', null, 'Curabitur convallis.', 'Bazeley', 'Binnie', '2022-12-13', '2022-12-01')
       , (112, 'fkaa', null, 'Fusce posuere felis sed lacus.', 'Le Prevost', 'Connar', '2022-06-02', '2022-03-30')
       , (123, 'fkaa', null, 'Nulla tellus.', 'Patterfield', 'Geerdts', '2022-08-09', '2023-01-24')
       , (6, 'fkaa', null, 'In eleifend quam a odio.', 'Mannooch', 'Tongs', '2023-01-27', '2022-07-13')
       , (20, 'fkaa', null, 'Sed accumsan felis.', 'Daverin', 'Runsey', '2022-12-23', '2022-05-10')
       , (11, 'fkaa', null, 'Duis consequat dui nec nisi volutpat eleifend.', 'MacDermand', 'Zoppie', '2022-06-04', '2022-07-20')
       , (52, 'fkaa', null, 'Cras pellentesque volutpat dui.', 'Temperton', 'Verzey', '2023-01-09', '2023-02-07')
       , (117, 'fkaa', null, 'Quisque id justo sit amet sapien dignissim vestibulum.', 'Helling', 'Edworthie', '2023-01-07', '2022-12-06')
       , (77, 'fkaa', null, 'Aliquam augue quam, sollicitudin vitae, consectetuer eget, rutrum at, lorem.', 'Espadater', 'Heditch', '2022-03-05', '2023-01-03')
       , (73, 'fkaa', null, 'Morbi non quam nec dui luctus rutrum.', 'Hook', 'Drowsfield', '2023-01-03', '2022-10-23')
       , (80, 'fkaa', null, 'Maecenas leo odio, condimentum id, luctus nec, molestie sed, justo.', 'Welfair', 'Navarro', '2022-12-21', '2022-06-09')
       , (5, 'fkaa', null, 'Cras non velit nec nisi vulputate nonummy.', 'Broxap', 'Dautry', '2022-10-19', '2022-11-01')
       , (81, 'fkaa', null, 'Duis bibendum.', 'Higginbottam', 'Cardon', '2022-10-13', '2022-10-12')
       , (18, 'fkaa', null, 'Nulla justo.', 'Ranken', 'Guage', '2022-11-28', '2023-01-09')
       , (36, 'fkaa', null, 'Nullam orci pede, venenatis non, sodales sed, tincidunt eu, felis.', 'Darnborough', 'Denness', '2022-10-04', '2022-06-20')
       , (45, 'fkaa', null, 'Vestibulum ante ipsum primis in faucibus orci luctus et ultrices posuere cubilia Curae; Duis faucibus accumsan odio.', 'Tate', 'Covely', '2022-10-10', '2022-09-11')
       , (74, 'fkaa', null, 'Nunc rhoncus dui vel sem.', 'Sambiedge', 'Hansman', '2022-12-20', '2022-06-10')
       , (113, 'fkaa', null, 'Nunc nisl.', 'Jacmard', 'Southwell', '2022-02-26', '2022-11-19')
       , (5, 'fkaa', null, 'Maecenas tincidunt lacus at velit.', 'Riggott', 'Rechert', '2022-08-03', '2022-07-17')
       , (55, 'fkaa', null, 'Vestibulum ante ipsum primis in faucibus orci luctus et ultrices posuere cubilia Curae; Mauris viverra diam vitae quam.', 'Lomath', 'Creavan', '2022-11-02', '2022-10-02')
       , (7, 'fkaa', null, 'Nulla ac enim.', 'Sandercroft', 'Dewing', '2022-06-03', '2022-09-11')
       , (67, 'fkaa', null, 'Etiam pretium iaculis justo.', 'Sedgefield', 'Grain', '2022-04-27', '2022-04-24')
       , (105, 'fkaa', null, 'Nulla suscipit ligula in lacus.', 'Dowdall', 'Sewter', '2022-06-16', '2022-12-01')
       , (98, 'fkaa', null, 'Duis ac nibh.', 'Littlemore', 'Gerardi', '2022-10-05', '2022-10-05')
       , (12, 'fkaa', null, 'Pellentesque ultrices mattis odio.', 'Bonniface', 'Labin', '2022-04-19', '2022-12-15')
       , (107, 'fkaa', null, 'Integer non velit.', 'Firby', 'Bampford', '2022-07-19', '2022-07-28')
       , (97, 'fkaa', null, 'Mauris ullamcorper purus sit amet nulla.', 'Coull', 'Petris', '2022-05-10', '2022-04-06')
       , (30, 'fkaa', null, 'Integer tincidunt ante vel ipsum.', 'Cranefield', 'Fredi', '2023-02-13', '2022-11-12')
       , (11, 'fkaa', null, 'In tempor, turpis nec euismod scelerisque, quam turpis adipiscing lorem, vitae mattis nibh ligula nec sem.', 'Killby', 'Southerden', '2023-01-04', '2022-09-07')
       , (120, 'fkaa', null, 'Duis aliquam convallis nunc.', 'Lenham', 'Tuffs', '2022-09-28', '2022-06-10')
       , (3, 'fkaa', null, 'Aenean lectus.', 'Preator', 'Tomasutti', '2022-10-18', '2022-05-11')
       , (20, 'fkaa', null, 'Fusce posuere felis sed lacus.', 'Lonie', 'Punter', '2022-07-30', '2022-10-03')
       , (93, 'fkaa', null, 'Nullam porttitor lacus at turpis.', 'Carik', 'O''Carroll', '2022-04-06', '2022-12-06')
       , (85, 'fkaa', null, 'Maecenas leo odio, condimentum id, luctus nec, molestie sed, justo.', 'Beste', 'Pavkovic', '2023-01-02', '2022-03-10')
       , (48, 'fkaa', null, 'Duis ac nibh.', 'Stanyforth', 'McIlvoray', '2022-07-03', '2022-07-14')
       , (50, 'fkaa', null, 'Integer ac neque.', 'Mecchi', 'Caulton', '2023-01-27', '2022-10-27')
       , (92, 'fkaa', null, 'In tempor, turpis nec euismod scelerisque, quam turpis adipiscing lorem, vitae mattis nibh ligula nec sem.', 'Griniov', 'Seemmonds', '2022-04-22', '2022-10-23')
       , (37, 'fkaa', null, 'Donec odio justo, sollicitudin ut, suscipit a, feugiat et, eros.', 'Davidsen', 'Coomes', '2022-09-30', '2022-09-18')
       , (40, 'fkaa', null, 'Integer pede justo, lacinia eget, tincidunt eget, tempus vel, pede.', 'Bryce', 'Figgess', '2022-09-14', '2022-12-04')
       , (18, 'fkaa', null, 'Mauris enim leo, rhoncus sed, vestibulum sit amet, cursus id, turpis.', 'Cassy', 'Skegg', '2022-12-26', '2022-04-05')
       , (11, 'fkaa', null, 'In hac habitasse platea dictumst.', 'Greason', 'Ravenhills', '2022-07-06', '2022-05-20')
       , (51, 'fkaa', null, 'Duis mattis egestas metus.', 'Papen', 'Biagioni', '2022-03-25', '2022-08-29')
       , (122, 'fkaa', null, 'Morbi non quam nec dui luctus rutrum.', 'O'' Reagan', 'Baress', '2022-07-15', '2022-07-02')
       , (114, 'fkaa', null, 'Cras non velit nec nisi vulputate nonummy.', 'Picford', 'Foster', '2022-10-24', '2022-04-10')
       , (106, 'fkaa', null, 'Aliquam non mauris.', 'Willimot', 'Dumphrey', '2022-05-01', '2022-07-20')
       , (80, 'fkaa', null, 'Maecenas tincidunt lacus at velit.', 'Ould', 'Upex', '2022-04-13', '2023-01-14')
       , (99, 'fkaa', null, 'Suspendisse accumsan tortor quis turpis.', 'Whetnell', 'Todaro', '2022-02-25', '2022-12-19')
       , (34, 'fkaa', null, 'Donec semper sapien a libero.', 'Carlone', 'Nockells', '2022-12-20', '2023-01-03')
       , (102, 'fkaa', null, 'Morbi non lectus.', 'Twelves', 'Reck', '2022-06-02', '2022-11-25')
       , (110, 'fkaa', null, 'In est risus, auctor sed, tristique in, tempus sit amet, sem.', 'Ricardin', 'Timberlake', '2022-05-07', '2022-11-27')
       , (33, 'fkaa', null, 'Vivamus tortor.', 'Cornier', 'Tanswell', '2022-09-15', '2022-08-07')
       , (53, 'fkaa', null, 'Sed accumsan felis.', 'Pighills', 'Larenson', '2022-12-16', '2022-10-07')
       , (61, 'fkaa', null, 'Phasellus id sapien in sapien iaculis congue.', 'Ashling', 'Hewes', '2022-08-24', '2022-07-11')
       , (57, 'fkaa', null, 'Aliquam augue quam, sollicitudin vitae, consectetuer eget, rutrum at, lorem.', 'Menicomb', 'Symmons', '2022-07-02', '2022-05-17')
       , (109, 'fkaa', null, 'Fusce posuere felis sed lacus.', 'Alexsandrowicz', 'Niessen', '2022-03-14', '2022-05-21')
       , (93, 'fkaa', null, 'Donec quis orci eget orci vehicula condimentum.', 'Lake', 'McGarrity', '2022-08-16', '2023-02-21')
       , (68, 'fkaa', null, 'Fusce congue, diam id ornare imperdiet, sapien urna pretium nisl, ut volutpat sapien arcu sed augue.', 'Cornelisse', 'O''Quin', '2022-07-20', '2022-06-28')
       , (74, 'fkaa', null, 'Nulla ut erat id mauris vulputate elementum.', 'Doding', 'Cantle', '2022-08-20', '2022-10-27')
       , (117, 'fkaa', null, 'Proin eu mi.', 'Pringell', 'Michallat', '2022-09-29', '2022-09-08')
       , (104, 'fkaa', null, 'Vestibulum ante ipsum primis in faucibus orci luctus et ultrices posuere cubilia Curae; Nulla dapibus dolor vel est.', 'Myderscough', 'Rosenstein', '2022-09-06', '2022-08-08')
       , (9, 'fkaa', null, 'In sagittis dui vel nisl.', 'Sheere', 'Grigoire', '2023-01-30', '2023-01-02')
       , (5, 'fkaa', null, 'Etiam vel augue.', 'Hayesman', 'Gurney', '2022-07-15', '2023-02-21')
       , (13, 'fkaa', null, 'Pellentesque at nulla.', 'Warrick', 'Fender', '2022-05-11', '2022-04-03')
       , (55, 'fkaa', null, 'Pellentesque viverra pede ac diam.', 'O''Hingerty', 'Yuille', '2022-05-09', '2022-04-20')
       , (63, 'fkaa', null, 'Curabitur convallis.', 'Kauffman', 'O''Neal', '2023-01-26', '2022-03-31')
       , (123, 'fkaa', null, 'Proin eu mi.', 'Kuschke', 'Sawyers', '2022-05-11', '2022-12-19')
       , (67, 'fkaa', null, 'Quisque ut erat.', 'Cairns', 'Just', '2022-12-16', '2022-10-29')
       , (28, 'fkaa', null, 'Curabitur convallis.', 'Gammons', 'Quinn', '2023-01-21', '2023-02-20')
       , (112, 'fkaa', null, 'Morbi odio odio, elementum eu, interdum eu, tincidunt in, leo.', 'Daudray', 'Kivelle', '2022-10-13', '2022-02-28')
       , (33, 'fkaa', null, 'Ut tellus.', 'Duffree', 'Dumberrill', '2022-12-26', '2022-12-12')
       , (45, 'fkaa', null, 'Ut at dolor quis odio consequat varius.', 'Quidenham', 'Atto', '2022-03-13', '2022-11-02')
       , (96, 'fkaa', null, 'Nulla suscipit ligula in lacus.', 'Storry', 'Royds', '2022-07-20', '2022-07-27')
       , (1, 'fkaa', null, 'Proin leo odio, porttitor id, consequat in, consequat ut, nulla.', 'L''Archer', 'Cranidge', '2023-02-07', '2022-02-27')
       , (64, 'fkaa', null, 'Duis consequat dui nec nisi volutpat eleifend.', 'Maylott', 'Vear', '2022-06-14', '2022-12-01')
       , (103, 'fkaa', null, 'Vestibulum ante ipsum primis in faucibus orci luctus et ultrices posuere cubilia Curae; Nulla dapibus dolor vel est.', 'Keepence', 'Spencley', '2022-12-31', '2022-07-18')
       , (26, 'fkaa', null, 'In eleifend quam a odio.', 'Whapple', 'McCarl', '2022-05-10', '2022-02-23')
       , (76, 'fkaa', null, 'Maecenas tincidunt lacus at velit.', 'Liquorish', 'Torrese', '2022-05-06', '2022-08-18')
       , (56, 'fkaa', null, 'Etiam faucibus cursus urna.', 'Labuschagne', 'Oldnall', '2022-07-26', '2022-11-15')
       , (3, 'fkaa', null, 'Vestibulum sed magna at nunc commodo placerat.', 'Goudie', 'Athelstan', '2023-02-22', '2022-12-26');

-- 대댓글
insert into article_comment (article_id, user_id, parent_comment_id, content, created_at, modified_at, created_by, modified_by) 
values (22, 'fkaa', 1, '퍼가요~', '2023-03-02 22:40:04', '2023-04-27 15:38:09', 'fkaa', 'fkaa')
       , (22, 'fkaa2', 1, '퍼가요~', '2023-03-03 22:40:04', '2023-04-27 15:38:09', 'fkaa2', 'fkaa2')
       , (22, 'fkaa', 1, '또 퍼가요~', '2023-03-04 22:40:04', '2023-04-27 15:38:09', 'fkaa', 'fkaa')
       , (22, 'fkaa', 1, '또또 퍼가요~', '2023-03-05 22:40:04', '2023-04-27 15:38:09', 'fkaa', 'fkaa');

insert into hashtag (hashtag_name, created_at, modified_at, created_by, modified_by)
values ('blue', now(), now(), 'fkaa', 'fkaa')
       , ('crimson', now(), now(), 'fkaa', 'fkaa')
       , ('fuscia', now(), now(), 'fkaa', 'fkaa')
       , ('goldenrod', now(), now(), 'fkaa', 'fkaa')
       , ('green', now(), now(), 'fkaa', 'fkaa')
       , ('indigo', now(), now(), 'fkaa', 'fkaa')
       , ('khaki', now(), now(), 'fkaa', 'fkaa')
       , ('maroon', now(), now(), 'fkaa', 'fkaa')
       , ('mauv', now(), now(), 'fkaa', 'fkaa')
       , ('orange', now(), now(), 'fkaa', 'fkaa')
       , ('pink', now(), now(), 'fkaa', 'fkaa')
       , ('puce', now(), now(), 'fkaa', 'fkaa')
       , ('purple', now(), now(), 'fkaa', 'fkaa')
       , ('red', now(), now(), 'fkaa', 'fkaa')
       , ('teal', now(), now(), 'fkaa', 'fkaa')
       , ('turquoise', now(), now(), 'fkaa', 'fkaa')
       , ('violet', now(), now(), 'fkaa', 'fkaa')
       , ('yellow', now(), now(), 'fkaa', 'fkaa')
       , ('white', now(), now(), 'fkaa', 'fkaa');

insert into article_hashtag (article_id, hashtag_id)
values (1, 11)
       , (2, 13)
       , (3, 13)
       , (4, 9)
       , (5, 5)
       , (6, 8)
       , (7, 10)
       , (8, 15)
       , (9, 7)
       , (10, 12)
       , (11, 10)
       , (12, 13)
       , (13, 8)
       , (15, 7)
       , (18, 4)
       , (19, 18)
       , (20, 10)
       , (21, 3)
       , (22, 12)
       , (24, 15)
       , (25, 3)
       , (26, 8)
       , (27, 15)
       , (28, 16)
       , (29, 3)
       , (31, 1)
       , (32, 18)
       , (33, 11)
       , (34, 4)
       , (35, 1)
       , (37, 13)
       , (38, 5)
       , (40, 16)
       , (42, 3)
       , (43, 17)
       , (45, 14)
       , (45, 19)
       , (47, 13)
       , (48, 2)
       , (49, 6)
       , (50, 7)
       , (52, 16)
       , (54, 11)
       , (55, 10)
       , (57, 10)
       , (58, 11)
       , (59, 2)
       , (60, 2)
       , (61, 15)
       , (63, 17)
       , (64, 17)
       , (65, 17)
       , (66, 16)
       , (67, 12)
       , (68, 3)
       , (70, 12)
       , (71, 11)
       , (72, 3)
       , (73, 14)
       , (75, 16)
       , (76, 1)
       , (77, 11)
       , (80, 13)
       , (81, 17)
       , (82, 16)
       , (83, 13)
       , (84, 2)
       , (85, 15)
       , (86, 14)
       , (88, 17)
       , (90, 7)
       , (91, 10)
       , (92, 13)
       , (93, 16)
       , (94, 16)
       , (95, 3)
       , (96, 8)
       , (97, 18)
       , (98, 10)
       , (99, 17)
       , (100, 2)
       , (102, 12)
       , (103, 14)
       , (104, 7)
       , (105, 16)
       , (106, 14)
       , (107, 1)
       , (111, 18)
       , (112, 6)
       , (113, 9)
       , (114, 2)
       , (116, 16)
       , (117, 14)
       , (119, 12)
       , (120, 18)
       , (122, 18);
